,mature-mt_tRNA-Ala-TGC,mature-mt_tRNA-Ala-TGC_3_end,mature-mt_tRNA-Ala-TGC_5_end,mature-mt_tRNA-Ala-TGC_CCA_end,mature-mt_tRNA-Arg-TCG,mature-mt_tRNA-Arg-TCG_5_end,mature-mt_tRNA-Arg-TCG_CCA_end,mature-mt_tRNA-Asn-GTT,mature-mt_tRNA-Asn-GTT_5_end,mature-mt_tRNA-Asn-GTT_CCA_end,mature-mt_tRNA-Asp-GTC,mature-mt_tRNA-Asp-GTC_5_end,mature-mt_tRNA-Cys-GCA,mature-mt_tRNA-Cys-GCA_3_end,mature-mt_tRNA-Cys-GCA_5_end,mature-mt_tRNA-Cys-GCA_CCA_end,mature-mt_tRNA-Gln-TTG,mature-mt_tRNA-Gln-TTG_5_end,mature-mt_tRNA-Gln-TTG_CCA_end,mature-mt_tRNA-Glu-TTC,mature-mt_tRNA-Glu-TTC_3_end,mature-mt_tRNA-Glu-TTC_5_end,mature-mt_tRNA-Glu-TTC_CCA_end,mature-mt_tRNA-Gly-TCC,mature-mt_tRNA-Gly-TCC_3_end,mature-mt_tRNA-Gly-TCC_5_end,mature-mt_tRNA-Gly-TCC_CCA_end,mature-mt_tRNA-His-GTG,mature-mt_tRNA-His-GTG_3_end,mature-mt_tRNA-His-GTG_5_end,mature-mt_tRNA-His-GTG_CCA_end,mature-mt_tRNA-Ile-GAT,mature-mt_tRNA-Ile-GAT_5_end,mature-mt_tRNA-Ile-GAT_CCA_end,mature-mt_tRNA-Leu-TAA,mature-mt_tRNA-Leu-TAA_3_end,mature-mt_tRNA-Leu-TAA_5_end,mature-mt_tRNA-Leu-TAA_CCA_end,mature-mt_tRNA-Leu-TAG,mature-mt_tRNA-Leu-TAG_3_end,mature-mt_tRNA-Leu-TAG_5_end,mature-mt_tRNA-Leu-TAG_CCA_end,mature-mt_tRNA-Lys-TTT,mature-mt_tRNA-Lys-TTT_3_end,mature-mt_tRNA-Lys-TTT_5_end,mature-mt_tRNA-Lys-TTT_CCA_end,mature-mt_tRNA-Met-CAT,mature-mt_tRNA-Met-CAT_3_end,mature-mt_tRNA-Met-CAT_5_end,mature-mt_tRNA-Met-CAT_CCA_end,mature-mt_tRNA-Phe-GAA,mature-mt_tRNA-Phe-GAA_3_end,mature-mt_tRNA-Phe-GAA_5_end,mature-mt_tRNA-Phe-GAA_CCA_end,mature-mt_tRNA-Pro-TGG,mature-mt_tRNA-Pro-TGG_3_end,mature-mt_tRNA-Pro-TGG_5_end,mature-mt_tRNA-Pro-TGG_CCA_end,mature-mt_tRNA-Ser-GCT,mature-mt_tRNA-Ser-GCT_3_end,mature-mt_tRNA-Ser-GCT_5_end,mature-mt_tRNA-Ser-GCT_CCA_end,mature-mt_tRNA-Ser-TGA,mature-mt_tRNA-Ser-TGA_5_end,mature-mt_tRNA-Ser-TGA_CCA_end,mature-mt_tRNA-Thr-TGT,mature-mt_tRNA-Thr-TGT_3_end,mature-mt_tRNA-Thr-TGT_5_end,mature-mt_tRNA-Thr-TGT_CCA_end,mature-mt_tRNA-Trp-TCA,mature-mt_tRNA-Trp-TCA_5_end,mature-mt_tRNA-Trp-TCA_CCA_end,mature-mt_tRNA-Tyr-GTA,mature-mt_tRNA-Tyr-GTA_5_end,mature-mt_tRNA-Tyr-GTA_CCA_end,mature-mt_tRNA-Val-TAC,mature-mt_tRNA-Val-TAC_3_end,mature-mt_tRNA-Val-TAC_5_end,mature-mt_tRNA-Val-TAC_CCA_end,mature-tRNA-Ala-AGC,mature-tRNA-Ala-AGC_3_end,mature-tRNA-Ala-AGC_5_end,mature-tRNA-Ala-AGC_CCA_end,mature-tRNA-Ala-CGC,mature-tRNA-Ala-CGC_3_end,mature-tRNA-Ala-CGC_5_end,mature-tRNA-Ala-CGC_CCA_end,mature-tRNA-Ala-TGC,mature-tRNA-Ala-TGC_3_end,mature-tRNA-Ala-TGC_5_end,mature-tRNA-Ala-TGC_CCA_end,mature-tRNA-Arg-ACG,mature-tRNA-Arg-ACG_3_end,mature-tRNA-Arg-ACG_5_end,mature-tRNA-Arg-ACG_CCA_end,mature-tRNA-Arg-CCG,mature-tRNA-Arg-CCG_3_end,mature-tRNA-Arg-CCG_5_end,mature-tRNA-Arg-CCG_CCA_end,mature-tRNA-Arg-CCT,mature-tRNA-Arg-CCT_3_end,mature-tRNA-Arg-CCT_5_end,mature-tRNA-Arg-CCT_CCA_end,mature-tRNA-Arg-TCG,mature-tRNA-Arg-TCG_5_end,mature-tRNA-Arg-TCG_CCA_end,mature-tRNA-Arg-TCT,mature-tRNA-Arg-TCT_5_end,mature-tRNA-Arg-TCT_CCA_end,mature-tRNA-Asn-GTT,mature-tRNA-Asn-GTT_3_end,mature-tRNA-Asn-GTT_5_end,mature-tRNA-Asn-GTT_CCA_end,mature-tRNA-Asp-GTC,mature-tRNA-Asp-GTC_3_end,mature-tRNA-Asp-GTC_5_end,mature-tRNA-Asp-GTC_CCA_end,mature-tRNA-Cys-GCA,mature-tRNA-Cys-GCA_3_end,mature-tRNA-Cys-GCA_5_end,mature-tRNA-Cys-GCA_CCA_end,mature-tRNA-Gln-CTG,mature-tRNA-Gln-CTG_3_end,mature-tRNA-Gln-CTG_5_end,mature-tRNA-Gln-CTG_CCA_end,mature-tRNA-Gln-TTG,mature-tRNA-Gln-TTG_5_end,mature-tRNA-Glu-CTC,mature-tRNA-Glu-CTC_3_end,mature-tRNA-Glu-CTC_5_end,mature-tRNA-Glu-CTC_CCA_end,mature-tRNA-Glu-TTC,mature-tRNA-Glu-TTC_3_end,mature-tRNA-Glu-TTC_5_end,mature-tRNA-Glu-TTC_CCA_end,mature-tRNA-Gly-ACC,mature-tRNA-Gly-ACC_3_end,mature-tRNA-Gly-CCC,mature-tRNA-Gly-CCC_3_end,mature-tRNA-Gly-CCC_5_end,mature-tRNA-Gly-CCC_CCA_end,mature-tRNA-Gly-GCC,mature-tRNA-Gly-GCC_3_end,mature-tRNA-Gly-GCC_5_end,mature-tRNA-Gly-GCC_CCA_end,mature-tRNA-Gly-TCC,mature-tRNA-Gly-TCC_3_end,mature-tRNA-Gly-TCC_5_end,mature-tRNA-Gly-TCC_CCA_end,mature-tRNA-His-GTG,mature-tRNA-His-GTG_3_end,mature-tRNA-His-GTG_5_end,mature-tRNA-His-GTG_CCA_end,mature-tRNA-Ile-AAT,mature-tRNA-Ile-AAT_3_end,mature-tRNA-Ile-AAT_5_end,mature-tRNA-Ile-AAT_CCA_end,mature-tRNA-Ile-TAT,mature-tRNA-Ile-TAT_5_end,mature-tRNA-Ile-TAT_CCA_end,mature-tRNA-Leu-AAG,mature-tRNA-Leu-AAG_5_end,mature-tRNA-Leu-AAG_CCA_end,mature-tRNA-Leu-CAA,mature-tRNA-Leu-CAA_3_end,mature-tRNA-Leu-CAA_5_end,mature-tRNA-Leu-CAA_CCA_end,mature-tRNA-Leu-CAG,mature-tRNA-Leu-CAG_3_end,mature-tRNA-Leu-CAG_5_end,mature-tRNA-Leu-CAG_CCA_end,mature-tRNA-Leu-TAA,mature-tRNA-Leu-TAA_3_end,mature-tRNA-Leu-TAA_5_end,mature-tRNA-Leu-TAA_CCA_end,mature-tRNA-Leu-TAG,mature-tRNA-Leu-TAG_5_end,mature-tRNA-Leu-TAG_CCA_end,mature-tRNA-Lys-CTT,mature-tRNA-Lys-CTT_3_end,mature-tRNA-Lys-CTT_5_end,mature-tRNA-Lys-CTT_CCA_end,mature-tRNA-Lys-TTT,mature-tRNA-Lys-TTT_3_end,mature-tRNA-Lys-TTT_5_end,mature-tRNA-Lys-TTT_CCA_end,mature-tRNA-Met-CAT,mature-tRNA-Met-CAT_3_end,mature-tRNA-Met-CAT_5_end,mature-tRNA-Met-CAT_CCA_end,mature-tRNA-Phe-GAA,mature-tRNA-Phe-GAA_3_end,mature-tRNA-Phe-GAA_5_end,mature-tRNA-Phe-GAA_CCA_end,mature-tRNA-Pro-AGG,mature-tRNA-Pro-AGG_3_end,mature-tRNA-Pro-AGG_5_end,mature-tRNA-Pro-AGG_CCA_end,mature-tRNA-Pro-CGG,mature-tRNA-Pro-CGG_3_end,mature-tRNA-Pro-CGG_5_end,mature-tRNA-Pro-CGG_CCA_end,mature-tRNA-Pro-TGG,mature-tRNA-Pro-TGG_3_end,mature-tRNA-Pro-TGG_5_end,mature-tRNA-Pro-TGG_CCA_end,mature-tRNA-SeC-TCA,mature-tRNA-SeC-TCA_3_end,mature-tRNA-SeC-TCA_5_end,mature-tRNA-SeC-TCA_CCA_end,mature-tRNA-Ser-AGA,mature-tRNA-Ser-AGA_5_end,mature-tRNA-Ser-AGA_CCA_end,mature-tRNA-Ser-CGA,mature-tRNA-Ser-CGA_5_end,mature-tRNA-Ser-CGA_CCA_end,mature-tRNA-Ser-GCT,mature-tRNA-Ser-GCT_5_end,mature-tRNA-Ser-GCT_CCA_end,mature-tRNA-Ser-TGA,mature-tRNA-Ser-TGA_5_end,mature-tRNA-Ser-TGA_CCA_end,mature-tRNA-Thr-AGT,mature-tRNA-Thr-AGT_3_end,mature-tRNA-Thr-AGT_CCA_end,mature-tRNA-Thr-CGT,mature-tRNA-Thr-CGT_3_end,mature-tRNA-Thr-CGT_CCA_end,mature-tRNA-Thr-TGT,mature-tRNA-Thr-TGT_3_end,mature-tRNA-Thr-TGT_5_end,mature-tRNA-Thr-TGT_CCA_end,mature-tRNA-Trp-CCA,mature-tRNA-Trp-CCA_3_end,mature-tRNA-Trp-CCA_5_end,mature-tRNA-Trp-CCA_CCA_end,mature-tRNA-Tyr-GTA,mature-tRNA-Tyr-GTA_3_end,mature-tRNA-Tyr-GTA_5_end,mature-tRNA-Tyr-GTA_CCA_end,mature-tRNA-Val-AAC,mature-tRNA-Val-AAC_3_end,mature-tRNA-Val-AAC_5_end,mature-tRNA-Val-CAC,mature-tRNA-Val-CAC_3_end,mature-tRNA-Val-CAC_5_end,mature-tRNA-Val-TAC,mature-tRNA-Val-TAC_3_end,mature-tRNA-Val-TAC_5_end,mature-tRNA-Val-TAC_CCA_end,mature-tRNA-iMet-CAT,mature-tRNA-iMet-CAT_3_end,mature-tRNA-iMet-CAT_5_end,mature-tRNA-iMet-CAT_CCA_end,pre-tRNA-Arg-TCT,pre-tRNA-Ile-TAT,pre-tRNA-Leu-CAA,pre-tRNA-Tyr-GTA
F0_CTRL7,-0.739684253,-9.199415444,-3.069303355,-1.850760701,0.662076007,-3.565270936,-9.031097867,1.202821489,-9.057382804,-4.91590391,2.849036502,-9.183978561,0.790332717,-2.047588952,4.006743625,-9.05549916,2.122424286,4.850072202,-9.105066707,3.926662373,0.386614591,-9.032073855,2.298110818,0.879694762,-9.273427392,-1.945891921,-3.565270936,6.396311085,-3.069303355,3.798738136,-5.937618313,0.628188944,-1.945891921,-9.159475376,0.169454675,-1.59744959,-9.180059516,-9.127477695,-0.655431477,-9.129450867,-9.173164484,0.990994578,0.238026216,-9.231660928,2.189298621,-0.924177518,4.370241939,-2.403067202,7.996736893,0.426455457,-1.945891921,-9.058967822,-9.232149646,-1.079481267,0.908317453,-9.267982861,-9.143898427,-0.615044778,0.484267662,-9.22203477,2.709686439,-9.090532856,0.047565242,1.579698541,-9.036782663,1.58865919,-1.31582991,-9.203687536,0.145869815,-4.318239298,-9.059072426,0.021929425,-0.500127727,-9.036706253,-1.945891921,2.565015482,-9.11449081,-0.500127727,-1.31582991,-0.463730265,-9.219759379,-1.135111353,-1.44992434,-0.057766865,-9.194294556,-1.025874549,-9.136757698,-0.875844587,-9.271021753,-9.183686301,-9.300016843,-0.393525459,-9.074902582,-9.275840164,-1.761398656,1.259740619,-9.294222598,3.561174879,-1.31582991,-2.698860283,-9.291898892,-0.463730265,0.727598896,-0.829046298,-1.945891921,-1.31582991,-2.698860283,0.426455457,-4.318239298,0.539897748,-9.097548569,-9.118932236,-4.91590391,8.020930871,3.784709266,7.617099013,4.999597577,5.061006037,-9.133804674,8.549325165,-9.074444058,2.503882989,-2.047588952,2.224535892,-9.289632883,-0.463730265,0.169454675,8.886469355,-2.698860283,13.40815076,0.645229854,6.549353276,2.645681205,7.763355925,4.984506582,-2.543556533,-4.91590391,5.001362874,-3.565270936,9.552084678,-1.52184213,11.34474457,-9.234658367,15.79907703,-2.543556533,4.726783314,-9.137587538,8.606758329,-9.109985083,5.918920861,-9.121636443,7.147840675,-0.655431477,0.711489202,-9.200813518,-9.275939467,0.743534428,-2.047588952,-9.13005821,-9.237441697,-2.543556533,1.915789984,-0.615044778,-0.262414881,-3.069303355,-1.67714588,-9.12738344,2.224535892,-9.163810176,6.991119617,-9.061647604,-2.698860283,-9.138449139,-0.974149161,-9.059853603,-0.393525459,3.788731157,-0.615044778,8.789330609,-9.052716539,12.62010277,1.167584218,4.85884327,-4.318239298,7.569523715,1.842440409,0.977533094,-9.274713559,-9.026244738,-1.945891921,-1.945891921,-9.296655536,-9.026876701,-0.696955978,-2.543556533,-9.019841368,1.259740619,-5.937618313,-1.025874549,-9.232799035,1.915789984,-5.937618313,0.192668105,-9.106665535,1.53405953,-5.937618313,2.908601063,-9.0937901,2.109932496,-0.142019641,-9.076482254,-1.192923559,-9.091646547,-9.195443861,-9.007206502,-9.23888809,-1.44992434,2.065358231,-9.037499595,-9.220082545,-1.192923559,-9.12787395,1.72508225,-9.258541548,-9.098194034,-3.296524895,-9.079655651,-2.403067202,-0.231381686,-9.083494016,4.059484036,-9.231827857,0.465247756,-3.565270936,1.29286611,0.121901445,-1.52184213,-9.071839537,-9.193783158,-1.52184213,7.324012344,-4.91590391,11.06821056,7.925564596,-4.91590391,11.7657526,3.222852624,-3.894189507,7.926049831,-1.135111353,3.225797725,-2.698860283,8.247941188,2.03926866,-1.850760701,-9.12806768,-9.261394354,-4.318239298
F0_CTRL8,-0.630762342,-4.887149336,-10.66200136,-3.797692928,0.949670026,-3.797692928,-10.50210961,3.604526976,0.293093322,-1.618780112,1.060663425,-4.887149336,1.164333082,-2.070945376,4.529955179,-10.49398083,3.666988971,7.70107153,-4.887149336,4.292898796,0.233774835,-3.160401784,2.11398598,2.763414277,0.233774835,-1.828658527,-2.70823652,8.664938247,-0.259217486,5.524247423,0.233774835,1.980544994,1.494865597,-10.41485472,0.700980915,-10.59996259,-1.828658527,-4.887149336,0.293093322,-3.160401784,-10.51820782,0.608498161,-0.101910974,-10.50385577,3.828501928,1.197423848,4.864885156,-2.357509895,8.49031873,-0.259217486,-1.618780112,-3.797692928,-3.797692928,-3.160401784,1.548150474,-2.070945376,-2.357509895,-0.178597079,2.058178223,-10.65496603,5.067204181,-2.70823652,-1.828658527,3.858904294,-10.41450652,3.618623513,-2.70823652,-1.828658527,0.405409189,-0.855681573,-10.52627389,0.10796744,-2.357509895,-3.160401784,-1.828658527,3.266141718,-3.160401784,1.624836579,-0.981488968,-1.828658527,-10.55879218,1.164333082,-1.828658527,-0.630762342,-3.797692928,1.229832282,-10.57227355,-0.529323704,-3.797692928,-1.433654231,-3.160401784,0.041074224,-10.39773329,-1.268053487,-3.160401784,2.286880256,-3.797692928,5.039035804,-0.981488968,0.560132704,-4.887149336,-0.981488968,2.150119833,-0.739202119,-1.828658527,-3.160401784,-0.855681573,0.830238922,-0.630762342,1.52173383,-10.57262675,-1.268053487,0.293093322,8.662105748,4.103769902,8.365986468,4.942327093,7.02382625,-2.70823652,10.53140702,-2.357509895,3.343245898,-0.344197823,4.868057212,-3.797692928,1.38254973,2.185441619,10.60178824,-1.268053487,15.4629181,0.830238922,8.152583502,2.775458423,11.2966883,5.591662384,-3.797692928,-3.160401784,7.229276621,-4.887149336,12.92070253,-4.887149336,14.27143627,-2.070945376,19.01750425,-2.70823652,6.301889719,-3.797692928,10.92874948,-2.70823652,7.914733688,-2.70823652,8.654717271,-2.357509895,1.980544994,-10.41766787,-2.70823652,1.353170307,-0.178597079,-2.357509895,-1.828658527,-0.739202119,3.740106962,-3.797692928,0.788323015,-3.160401784,0.655419656,-3.160401784,4.537794364,-10.64288508,8.969137806,-3.797692928,-0.101910974,-10.53409296,0.293093322,-3.160401784,1.292710801,6.184333017,-3.797692928,11.2407016,-2.70823652,15.54933337,2.775458423,7.714080654,-10.65168306,10.44510274,2.382167209,2.185441619,-3.797692928,-2.357509895,-0.981488968,-1.268053487,-3.160401784,-3.160401784,0.949670026,-2.357509895,-10.4195432,2.077001842,-3.160401784,-0.855681573,-10.61981946,3.471623617,-3.160401784,1.229832282,-10.57402665,2.663586868,-3.160401784,4.942327093,-10.53953128,4.650918954,0.987545434,-3.797692928,-0.855681573,-10.38754953,-3.797692928,-3.160401784,-10.44231862,-2.357509895,2.935048631,-2.70823652,-1.118249391,-0.259217486,-10.64691304,3.680538653,-1.618780112,-3.160401784,-1.433654231,-2.70823652,-2.70823652,0.830238922,-10.3994108,5.751252591,-3.160401784,2.529167105,-0.259217486,2.977820069,2.039126434,0.233774835,-3.797692928,-4.887149336,0.608498161,9.912947198,-3.160401784,13.97788596,10.33179033,-3.160401784,14.439834,5.293053719,-1.618780112,9.964909679,-0.630762342,5.559337268,-3.160401784,10.47910693,3.597431012,-4.887149336,-10.43384625,-10.4614419,-1.618780112
F0_CTRL9,1.370446595,-11.629493,-11.58005739,-11.64780544,-1.762784655,-11.65231437,-11.39547846,1.787504,-2.386098858,-11.54714014,3.241974911,-11.63453534,1.433385582,-3.183548644,5.051918748,-11.58185274,1.250696744,4.890042103,-11.55775539,4.862716964,1.013527818,-1.521987483,1.641870107,1.44568906,-0.421249108,-3.402874836,-4.322047453,6.347709101,-2.990089232,3.548268828,-3.955532701,1.136389304,0.070259317,-11.56370005,0.070259317,-0.499478493,-11.38104374,-4.322047453,1.180192075,-3.955532701,-3.955532701,0.556877872,0.231947785,-3.402874836,0.098337037,-2.15105478,4.510680442,-1.762784655,8.593735771,-1.521987483,-1.379070723,-11.49407743,-11.38030637,-3.402874836,0.997503237,-11.53540105,-3.402874836,-1.521987483,0.755010136,-11.52916279,3.39103955,-11.45245659,-3.955532701,-0.668088617,-11.41590207,1.726663467,-0.624285845,-3.955532701,-0.906551024,-1.678535081,-11.5670769,-4.794567152,-0.906551024,-11.38981206,-0.668088617,3.096069057,-1.598396915,-0.206704598,-0.499478493,0.492457592,-11.58388819,1.383228812,-11.60362772,0.981320775,-2.264376026,2.785798696,-6.599045073,0.79192195,-2.045049834,-2.045049834,-6.599045073,-0.95869847,-11.54152396,-1.851590422,-11.46205262,3.611771396,-11.38846815,5.000651201,-5.460546263,0.30719025,-3.183548644,0.736238428,-1.945473493,-2.045049834,-3.656068343,-3.656068343,0.098337037,2.916017937,-2.517569533,-0.499478493,-2.817033891,-0.713091612,-1.379070723,10.91682001,4.328326274,8.45766632,2.679432322,6.972686173,-11.49683295,11.06738285,-4.794567152,4.710449914,-0.906551024,8.041519975,-11.66980499,1.236835847,3.413386923,10.86990419,-0.906551024,16.37360579,-2.045049834,8.075639847,2.152026628,10.41236383,2.885693877,-2.517569533,-6.599045073,7.145826243,-2.045049834,12.40498151,-11.55000177,13.61855978,-1.521987483,18.75913932,-11.55096857,5.410776114,-2.817033891,10.60273576,-11.47176074,9.330285895,-11.46575128,10.49970233,-11.53022287,4.066988382,-11.65643191,-1.312020328,-0.624285845,-0.34657686,-11.61420742,-11.50191248,-0.581620938,3.969739968,-11.53042295,0.997503237,-2.386098858,0.514212964,-6.599045073,4.118359119,-4.322047453,9.408175197,-6.599045073,-0.540036271,-11.39940069,-4.322047453,-11.65597606,1.705871967,6.086957162,-11.49945583,10.2337096,-3.402874836,14.65658502,-2.660486293,6.173964934,-3.656068343,9.205348505,-3.402874836,2.890786924,-11.56822949,-11.59883069,-11.51312543,-6.599045073,-11.55258613,-11.64450375,-4.322047453,-1.44897517,-3.183548644,1.344579815,-11.51236368,-0.34657686,-3.183548644,2.289619213,-11.5008703,1.948570189,-3.183548644,2.191417163,-11.63257961,3.135969964,-11.62922868,3.762048168,-3.402874836,-3.656068343,-2.15105478,-6.599045073,-11.50935754,-11.65784398,-11.62763214,-2.045049834,3.036667352,-3.656068343,-3.656068343,-2.15105478,-6.599045073,5.408581716,-3.656068343,-11.57244247,0.231947785,-11.40027603,-11.57071038,0.810071379,-11.61256663,5.905080039,-11.46343184,3.747020555,-1.312020328,2.086968358,-2.264376026,-0.856008372,-11.50667079,-3.183548644,-2.817033891,11.85394537,-3.955532701,15.45578674,11.86311838,-3.955532701,15.49271986,5.802101959,-0.581620938,9.591526976,0.041693265,4.454735291,-2.660486293,9.794211622,0.79192195,-11.48489424,-4.322047453,-3.402874836,-2.990089232
F0_HFD4,1.540019501,-11.49139371,-5.420537413,-2.801070783,1.540019501,-11.40670968,-5.420537413,4.042344501,1.270181642,-0.117769848,2.58705689,-5.420537413,3.093437781,-3.164251668,4.06166302,-2.504330393,3.479092056,6.809408933,-2.036108796,5.590010877,1.270181642,-3.164251668,3.526467387,3.972864666,1.010373025,-2.504330393,0.662767053,7.898482954,1.13098865,3.513071706,0.270259858,1.956567991,1.24327911,-5.420537413,2.273598872,-1.51780429,-0.809295343,-1.013006634,2.411610843,-1.013006634,-4.292394541,1.866624327,1.270181642,-1.37618752,2.668162373,2.798437173,5.417903803,-0.628268266,8.589466454,2.384928833,-0.907965924,-5.420537413,-3.632473265,-1.24591272,2.869877875,-1.67292791,-2.253439968,1.751689567,2.273598872,-11.4919328,5.949056588,-1.67292791,-2.253439968,2.9947672,-3.164251668,3.127884911,0.002845777,-4.292394541,2.463697404,-0.181604152,-3.164251668,1.494169535,-1.51780429,-3.164251668,-2.801070783,4.579531006,-1.125297095,2.008241097,2.184800517,-1.125297095,-4.292394541,0.845832409,-4.292394541,-1.125297095,-4.292394541,1.540019501,-3.164251668,-0.628268266,-4.292394541,-3.632473265,-3.164251668,-1.24591272,-2.504330393,-5.420537413,-2.036108796,3.003988562,-2.504330393,5.815767776,-0.907965924,1.101662341,-5.420537413,-0.248044648,0.775057514,-2.504330393,-0.465375819,-2.036108796,-1.37618752,0.31884753,-3.164251668,1.159795882,-2.801070783,-1.24591272,0.002845777,11.63304156,5.96105713,10.32086654,6.599414281,7.62547541,-5.420537413,11.49573411,-2.801070783,3.654688476,0.94653872,3.767800732,-4.292394541,1.13098865,1.903200386,11.513828,0.220176949,16.56133516,1.691027907,9.010181011,4.243195395,11.49822465,6.759852856,-4.292394541,-5.420537413,8.039455721,-2.801070783,13.58044172,-3.632473265,15.0960796,-0.809295343,20.16473817,-11.25909662,7.063592233,-11.23527323,12.09042604,-2.801070783,8.191735105,-3.164251668,9.648069294,-4.292394541,2.501696783,-3.632473265,-0.317313235,1.010373025,0.220176949,-1.51780429,-1.844409117,0.059959221,5.292143753,-1.67292791,1.628017479,0.220176949,0.059959221,-3.164251668,4.893065503,-4.292394541,9.83389814,-4.292394541,0.738481455,-1.844409117,-0.716266244,-2.036108796,2.106911678,7.464590297,-1.67292791,12.33401117,-3.164251668,16.95356778,2.476462694,7.401064507,-3.632473265,10.49266578,2.138515897,2.766832954,-5.420537413,-1.125297095,-1.67292791,-1.844409117,-3.632473265,-2.036108796,0.220176949,-2.504330393,-5.420537413,3.003988562,-5.420537413,0.115136238,-5.420537413,4.243195395,-5.420537413,0.775057514,-3.164251668,3.479092056,-5.420537413,4.726378309,-5.420537413,4.875689187,0.31884753,-4.292394541,-2.504330393,-3.164251668,-11.25110818,-2.801070783,-5.420537413,-0.248044648,4.363197423,-3.164251668,-2.801070783,-0.809295343,-2.036108796,3.936979864,-5.420537413,-4.292394541,-1.51780429,-11.30813252,-4.292394541,1.540019501,-11.27832682,5.833644368,-3.632473265,3.153250091,0.623546694,2.966785431,0.583357835,-0.248044648,-11.37897166,-3.164251668,0.366026663,10.63058543,-4.292394541,15.16475395,11.29981049,-4.292394541,15.8682187,6.732172493,0.411876628,11.64135878,0.270259858,5.590010877,-2.801070783,11.20154398,2.899560755,-2.801070783,-11.53037314,-11.51502577,-1.125297095
F0_HFD7,-9.503702297,-9.33789634,-9.462275479,-9.465233481,-1.604400231,-9.389514217,-9.241454946,0.918937496,-0.680266943,-7.846763869,2.254513095,-9.23893899,-9.374385989,-9.47136246,-7.846763869,-9.319628298,-1.852181589,2.344800752,-9.39690731,1.609812535,-9.29684055,-1.305397455,-1.020478464,0.677426829,-9.513890596,-9.348311178,-0.722425318,5.154886844,-2.426170872,0.79771096,0.298323232,0.933434887,0.854471959,-9.267269975,-9.493076454,-9.507816085,-9.220513369,0.192613426,-2.562796325,-9.448276634,-9.236677171,-0.75119279,-2.470366162,-9.2465163,-0.07135067,-1.882373283,2.266597418,-9.321680255,4.653133988,-3.00140526,-9.271175739,-9.309460982,-9.358758837,-9.393513937,-0.840902826,-9.465803541,-9.374261245,-0.680266943,-0.22786035,-9.29167439,1.044703512,-9.508476618,-9.47556884,-6.171785787,-0.509959605,1.237633665,-9.27219478,-9.493495251,-3.527159671,-9.434429315,-9.482849858,-0.680266943,-9.443766949,-9.377192052,-1.913174952,-3.357581647,-9.445659168,-1.709588884,-2.222584804,-0.099498499,-9.309840043,-9.424099225,-9.434000519,-0.856381443,-1.822576178,-5.392965331,-9.499692613,-0.840902826,-1.822576178,-9.454177895,-9.266167457,-9.265661524,-9.344482317,-9.418052337,-9.520060713,0.884564332,-9.395252984,2.49702802,-1.63002488,-0.872018819,-9.294899567,-0.625810056,-2.077271973,-2.562796325,-9.348270236,-1.63002488,-7.846763869,-0.680266943,-9.344574006,-0.157402828,-9.322725415,-9.426989009,-0.95270594,5.675364469,1.520850509,4.796310627,1.770757016,2.865942537,-9.387102713,6.922821543,-9.277301531,0.095778934,-9.277071405,0.565314503,-2.341447368,-0.625810056,-0.708242604,7.787395823,-9.348640506,12.55238247,-0.872018819,4.215084038,-9.421888058,7.110618044,2.085767455,-9.346571302,-9.37634893,5.116696521,-9.225596599,10.15409245,-9.384449193,10.79990053,-9.309082742,15.38259288,-9.29765851,2.89012221,-9.474663744,6.793117699,-9.379591467,4.816785956,-9.333827279,5.455422288,-9.341148406,-4.19085899,-9.355935667,-9.43245758,-2.562796325,-9.30399373,-9.349703819,-9.299982508,-9.506610388,1.084421175,-1.482364657,-1.554407858,-9.487096951,-9.485682644,-2.821829622,0.671727268,-9.383551697,5.842954575,-9.46738813,-1.852181589,-9.447205597,-9.355518867,-9.439339685,-7.846763869,4.105617932,-1.482364657,6.71403565,-9.37479407,11.18758615,-9.405309385,2.188394084,-9.367772281,5.88334074,-0.509959605,-9.339686866,-9.411905119,-0.708242604,-9.253881363,-9.382690831,-9.288413298,-9.392040024,-0.625810056,-9.506496499,-9.454487712,-0.345609639,-9.485166402,-9.39532125,-9.397952348,-0.217593438,-9.480645371,-9.49886106,-9.249880511,-0.334521366,-9.402021465,1.491116789,-9.476450343,2.352404911,-9.227468764,-9.314470953,-9.272785667,-9.503276663,-9.338535613,-9.404240382,-9.424831356,-9.304258803,-3.619589834,-9.368205824,-9.50577575,-9.364500464,-9.391959046,0.515526217,-9.456828717,-9.332308284,-9.249815087,-9.487260224,-2.184937688,-9.440546334,-9.325222101,1.898549541,-9.274795848,1.110336203,-9.477396002,-9.229474086,-9.358376749,-9.464837238,-9.284874251,-9.350710932,-9.416384105,5.816792491,-9.481745664,9.983127233,6.577206718,-9.43792445,10.82553324,3.272395178,-9.33885683,7.030229162,-9.479020881,2.306200443,-9.4151091,6.653378866,-1.976710427,-9.39529703,-9.430023821,-9.495476563,-9.313476381
F0_HFD8,-1.250084359,-10.7011683,-10.64783465,-10.62995872,-0.448553257,-10.50477014,-10.64859767,2.383660584,1.508151969,-0.579386461,1.296050649,-10.61907835,1.098281483,-1.358340346,4.8882297,-10.49413533,3.047160811,6.88118515,-10.70301714,4.646702141,1.296050649,-5.499257382,3.546843203,1.847425369,-1.358340346,-3.324037514,-1.05369219,8.412538445,-1.474622384,5.838169429,-0.327794499,1.526084615,0.327669401,-3.775436421,-0.798685451,-2.97390532,-10.53306231,-10.58211041,0.844651742,-10.61188358,-10.60316751,1.803222743,-1.148817645,-10.58958206,2.454306767,1.890416811,3.779557846,-3.775436421,7.672224573,-0.012924226,-4.411647448,-10.53947531,-10.52585134,-10.46950512,1.098281483,-2.44595028,-2.97390532,1.803222743,1.803222743,-10.65114223,3.955865395,-2.97390532,-1.474622384,1.66261325,-5.499257382,2.978026745,-2.05161546,-10.54182921,1.508151969,-1.736745187,-10.67046151,-0.162474424,-2.05161546,-10.41949538,-2.97390532,3.486679049,-2.687826487,0.844651742,0.639056677,-2.97390532,-10.5800465,0.123604408,-3.324037514,-1.358340346,-3.324037514,-0.38701245,-5.499257382,-0.722129319,-3.324037514,-5.499257382,-5.499257382,0.033917744,-10.5692563,-1.250084359,-2.44595028,2.254621651,-2.44595028,4.517035586,-5.499257382,-0.722129319,-10.56287922,-10.71078807,1.694966756,-1.600216553,-10.45669724,-3.775436421,-1.250084359,-0.270730412,-2.97390532,0.898763638,-10.60262694,-2.44595028,-1.05369219,9.326640788,5.030153689,8.265752967,5.414689657,6.288711612,-2.44595028,10.5256684,-10.48179825,2.138339613,0.208440715,3.23797328,-2.97390532,1.167011716,1.453090549,9.69799182,-4.411647448,14.35533378,1.471659872,8.027033639,3.522054544,9.817260962,6.264531439,-4.411647448,-10.57401227,6.938291197,-4.411647448,12.41053717,-10.62849644,13.45264294,-0.879169219,18.59922583,-5.499257382,5.239198519,-10.50064187,9.744142009,-3.324037514,8.332846758,-10.70865442,8.937137683,-3.324037514,1.254205784,-10.58952113,-10.50317891,0.402402071,-2.97390532,-10.52121256,-4.411647448,-1.358340346,3.800619766,-3.324037514,0.208440715,-0.879169219,-0.512606618,-1.148817645,3.391873001,-3.324037514,8.458996221,-1.736745187,0.16659585,-10.53259233,-0.061207711,-0.879169219,1.356797182,6.516445689,-3.324037514,9.781127361,-10.56638114,14.49624815,0.844651742,4.839357696,-10.67618714,8.184437386,0.541968633,0.871940942,-3.324037514,-1.600216553,-2.05161546,-1.600216553,-10.57540728,-2.97390532,0.327669401,-2.687826487,-4.411647448,0.249198577,-10.65432301,-1.358340346,-4.411647448,1.396026462,-10.71392811,0.402402071,-4.411647448,1.121527678,-10.591757,4.404419171,-10.64410669,3.501937737,0.079401782,-4.411647448,-0.649135253,-5.499257382,-2.687826487,-10.47161552,-10.47367874,-3.775436421,2.83763811,-10.69836902,-4.411647448,-0.579386461,-5.499257382,5.04726083,-2.687826487,-10.49611515,-1.736745187,-10.56702861,-10.55151246,0.700597484,-10.44240188,5.649069005,-3.775436421,1.336808511,-1.474622384,2.320467233,-0.162474424,0.670128771,-4.411647448,-10.64480523,0.327669401,8.935234988,-4.411647448,13.68348067,9.543056055,-4.411647448,14.26547305,5.128311636,0.327669401,9.402066198,-0.798685451,4.171534906,-10.41850574,9.352876664,2.521908768,-2.687826487,-10.59453357,-10.66180615,-2.44595028
F0_HFDt1,0.154266591,-11.49113726,-11.5213278,-11.44643532,0.102674897,-11.53392349,-11.34711272,1.798119958,0.154266591,-2.565948234,-0.873583746,-11.42874602,0.743988694,-2.315453092,3.148384191,-5.477560712,2.664730981,6.414001752,-11.28709753,4.912036181,1.379147175,-11.50757903,2.79979286,2.342247836,-1.189087632,-4.351195251,-1.580976424,7.61672186,0.516875277,4.274749652,-0.382376766,0.433523578,-1.309513225,-11.47156499,1.0045458,-0.780701217,-2.565948234,-3.224829791,1.280632051,-11.36769002,-11.56870673,0.433523578,-0.454610963,-11.50492325,2.342247836,-0.313217313,4.027602959,-1.580976424,7.541445157,-0.246881496,-3.692313695,-11.33781619,-5.477560712,-4.351195251,1.20261698,-5.477560712,-3.224829791,-0.780701217,0.475733792,-11.34081657,3.801893836,-4.351195251,-5.477560712,1.472029704,-11.50397138,3.366378213,-0.692841882,-3.224829791,0.634396487,-2.862221104,-11.49668129,-1.309513225,-5.477560712,-11.39182238,-2.09846433,3.774764627,-1.439582774,0.743988694,0.204270593,-1.076974087,-11.33974921,0.846654527,-3.692313695,-0.454610963,-4.351195251,1.402870251,-4.351195251,0.299886516,-4.351195251,-2.565948234,-3.224829791,-0.692841882,-4.351195251,-1.076974087,-3.692313695,2.839188774,-3.224829791,5.001896575,-1.907066678,0.671754497,-5.477560712,-1.309513225,1.581131196,-1.580976424,-2.09846433,-2.315453092,-1.189087632,0.911663271,-2.09846433,0.557000819,-11.36426175,-2.315453092,-0.97209887,11.30450713,5.282235815,9.467337327,4.669222141,6.324224303,-11.37771863,10.79426157,-5.477560712,4.149366002,0.049391373,6.171394984,-2.565948234,0.049391373,2.598395164,11.19109786,-0.873583746,16.67954433,-0.121819661,9.175669729,3.234549051,11.874296,5.515640236,-2.862221104,-11.54547398,7.060254164,-1.309513225,13.09920962,-11.39923551,14.51022856,-1.189087632,19.76640475,-11.43961705,6.515368702,-11.53676374,11.96273272,-4.351195251,8.884159436,-11.35807411,10.3225016,-11.29826039,2.789792817,-11.48575192,-2.565948234,1.305826383,-0.97209887,-4.351195251,-1.309513225,0.475733792,4.76122795,-4.351195251,1.426251976,-1.309513225,0.154266591,-11.50214311,3.780226824,-4.351195251,8.921919354,-11.28676962,1.255040942,-2.09846433,0.345664243,-2.862221104,1.870354155,6.883640831,-4.351195251,11.08805764,-11.50974333,16.12794054,1.494443878,6.664342844,-5.477560712,10.00958136,1.779548306,2.738848147,-5.477560712,-2.862221104,-1.076974087,-3.224829791,-11.45959881,-2.09846433,-0.005698711,-1.439582774,-5.477560712,2.145888342,-5.477560712,0.049391373,-5.477560712,3.014287374,-5.477560712,2.905913766,-5.477560712,2.80973174,-5.477560712,4.56497787,-3.692313695,5.135127607,0.252781714,-4.351195251,-0.609490183,-11.43118096,-2.565948234,-11.47911582,-11.41983371,-2.862221104,3.577199977,-11.52505898,-2.09846433,0.390187627,-3.692313695,4.839801984,-3.224829791,-11.54979133,-0.97209887,-4.351195251,-4.351195251,1.305826383,-5.477560712,6.236428275,-5.477560712,3.564795323,0.634396487,2.218770595,0.778936318,-0.382376766,-11.38256022,-11.43608202,-0.454610963,10.06376278,-11.37141798,14.73287417,10.26747527,-11.32037646,14.97410321,6.193774858,-0.313217313,10.18350358,-0.454610963,4.725048306,-3.692313695,10.41434581,2.444644026,-2.09846433,-11.49555747,-3.692313695,-3.224829791
F0_HFDt5,0.181624709,-11.42854322,-11.48555411,-11.28999618,-1.596184333,-11.26269949,-2.5770524,0.366767146,0.080452296,-11.27955727,0.8540249,-5.476534061,0.609958545,-4.354861441,3.191662725,-11.44616688,1.909638082,4.867067729,-4.354861441,4.640493906,0.609958545,-3.69872502,2.023530506,3.681818486,-0.799243358,-5.476534061,-0.26764772,7.543609129,2.362482204,4.309514254,1.531595165,1.303297329,-1.920915979,-11.37677669,0.647160908,-11.37204259,-1.325852146,-11.37897217,1.634702104,-1.596184333,-11.2585683,0.181624709,0.683527192,-11.35403842,1.327632097,1.149063391,3.715300333,-1.325852146,6.772526742,0.322429262,-2.872090891,-11.26501961,-11.35120181,-2.872090891,2.33679545,-3.233188821,-1.75041827,0.276842261,1.444101883,-11.30410244,2.95362067,-11.46444158,-3.69872502,3.847799146,-11.28945531,3.438931839,-0.333707159,-11.510574,0.229933715,-1.094281849,-11.34785157,-1.205928289,-11.24711952,-11.23741733,-11.23854897,4.869776067,1.202124917,0.787965462,0.49292697,-1.75041827,-5.476534061,0.49292697,-5.476534061,-1.325852146,-4.354861441,-0.891738905,-11.43746793,-3.69872502,-4.354861441,-11.26725182,-11.38131153,-0.084255669,-11.33980753,-11.42027114,-3.233188821,-0.474511712,-3.69872502,4.210931308,-1.75041827,-0.474511712,-11.32636394,-1.75041827,0.917493095,-2.1115162,-2.872090891,-2.1115162,-2.5770524,-1.455379779,-11.39058562,-0.799243358,-11.47320399,-11.38350748,-2.5770524,9.361195261,5.90673426,10.67211845,4.351058068,6.501359339,-11.46556123,11.2634389,-4.354861441,1.202124917,-2.32760091,0.753896171,-4.354861441,-2.5770524,0.027390771,10.91980084,-2.1115162,16.53267736,-0.711750076,7.851901305,2.663879177,11.64558435,4.473111178,-2.872090891,-5.476534061,7.880362864,-11.26260978,14.80544334,-11.26658334,12.10861132,-1.75041827,17.61557245,-5.476534061,6.272672509,-11.4516392,11.7973128,-11.44825639,8.199572708,-11.31115183,10.34393257,-11.46706444,-2.32760091,-4.354861441,-2.32760091,-0.98984358,-0.98984358,-11.42767714,-11.47957719,-1.325852146,5.065779404,-2.872090891,-1.75041827,-4.354861441,-0.549791868,-11.30502233,4.772178702,-11.28364333,10.55823619,-11.3162331,-0.711750076,-11.23871267,-2.5770524,-3.69872502,2.64258635,8.21915872,-2.872090891,9.853241931,-11.41363311,15.13790084,-0.204179526,3.897903196,-11.29811774,7.527978954,0.719094152,-0.143106937,-11.38961862,-11.41225954,-3.233188821,-2.5770524,-3.233188821,-11.33021558,-2.32760091,-3.69872502,-11.30895412,1.823081006,-5.476534061,-1.75041827,-11.29476575,3.358339342,-5.476534061,-0.027469789,-11.42765396,2.508587226,-5.476534061,4.239145275,-11.36087079,4.210931308,0.647160908,-11.24330121,-1.596184333,-2.5770524,-11.40846443,-5.476534061,-11.50744107,-0.549791868,4.070865842,-11.51410632,-11.3004561,-0.98984358,-2.5770524,2.039165715,-3.233188821,-11.34290974,-3.69872502,-11.31752118,-5.476534061,-0.204179526,-11.46561788,4.982143966,-5.476534061,0.948317484,-0.799243358,1.008258838,-0.711750076,-2.5770524,-11.39125171,-5.476534061,-3.233188821,8.581485738,-5.476534061,13.88173083,9.648316628,-5.476534061,14.92806284,4.369594715,-2.1115162,10.14389899,-1.094281849,2.853303786,-11.43240459,9.219409254,-0.62874565,-11.47580552,-11.38701686,-11.24209707,-11.3260929
F0_HFDt8,2.974709244,-5.539322262,-9.385765666,0.852043761,2.047923126,-3.886588093,-2.411044776,2.64163437,1.806284248,1.462018768,0.404863482,-3.453803938,3.147817642,-0.758310607,1.373500093,-0.47361807,2.871666144,5.893091502,0.315467871,5.381172063,2.105058479,-9.106060643,4.913039429,4.26797517,0.315467871,-1.680654842,2.461169559,8.076135962,-0.822336587,3.39300907,2.964189037,2.581584486,0.433519272,-0.889209084,3.3114507,1.50439857,-3.118110468,1.462018768,2.621882881,0.284448556,-5.539322262,3.868834439,1.759991873,-1.465376298,1.637616837,3.671254728,4.167033546,-1.191094762,5.091353854,2.915915907,-0.066997765,-5.539322262,-1.191094762,2.621882881,1.806284248,-9.134369,-5.539322262,3.700657296,2.693071294,-1.680654842,5.803864994,2.608569666,-0.190715401,1.518263954,-0.279234077,2.151067676,0.010167019,-9.141659181,3.3114507,-1.032592143,-4.4965631,1.433087425,-0.822336587,-1.569168034,1.071614415,4.014845243,-0.758310607,0.935642127,2.995531493,0.740556953,-0.526408872,-0.889209084,-0.959193027,0.99542682,-1.465376298,0.375651235,-3.118110468,1.246740224,-0.066997765,-9.299912228,-3.118110468,-1.931968246,-9.123443577,-2.411044776,-9.223428627,1.748192726,-9.245207041,4.287813481,-1.277082935,0.118965027,-1.931968246,-0.066997765,-0.279234077,-5.539322262,-9.261775577,-1.680654842,-1.109756927,-1.277082935,-3.453803938,1.490404204,-9.234162352,-9.296618668,-1.277082935,8.8668996,4.068993424,7.241873916,6.162720367,4.595659482,-2.233853924,8.934239321,-4.4965631,3.242862937,0.955835497,1.532002711,-1.931968246,0.620142026,1.490404204,9.581174083,0.404863482,14.43418667,1.447622644,7.582537922,3.18473688,9.696818377,6.219566259,-1.931968246,-4.4965631,5.330572643,-0.758310607,9.937828173,-3.886588093,12.14723155,0.955835497,17.1455203,-1.368285614,5.206229224,-9.237371545,9.816077028,-2.075351305,5.776438476,-5.539322262,6.457950739,-9.118827545,1.862215726,-9.232080015,-1.368285614,-1.801069769,-0.822336587,-9.144088617,-5.539322262,-2.233853924,3.071144566,-4.4965631,1.490404204,-1.032592143,-1.465376298,-9.331972415,1.388619652,-5.539322262,5.928823219,-9.224620559,-0.696898673,-3.118110468,-1.931968246,-2.075351305,0.118965027,4.838989862,-4.4965631,8.604818896,-5.539322262,13.56159926,2.141977718,5.365207462,-9.167511565,8.908171747,0.489243549,0.693541143,-9.207834339,-2.611927196,-1.931968246,-1.109756927,-9.335711788,-4.4965631,0.34586049,-2.611927196,-9.344487762,-0.066997765,-4.4965631,-2.843828931,-9.322558478,1.230117033,-4.4965631,0.433519272,-9.390262298,0.99542682,-4.4965631,4.435768232,-9.35433204,4.197568529,0.935642127,-4.4965631,-9.113363651,-4.4965631,-9.166984098,-2.411044776,-9.21168806,-0.234323772,2.057597652,-9.272427992,-4.4965631,-9.333365577,-4.4965631,2.899474394,-1.801069769,-1.109756927,-0.581119754,-3.886588093,-9.2794327,0.220422575,-9.180763854,2.693071294,-9.123219519,1.447622644,-0.889209084,-1.931968246,-0.107117035,0.252776155,-9.351966897,-3.453803938,-2.233853924,6.917280132,-4.4965631,11.39159284,7.912190966,-4.4965631,12.23853201,5.170122288,0.284448556,9.538983424,-0.758310607,3.533140969,-1.368285614,7.537011145,2.114373577,-1.109756927,-4.4965631,-4.4965631,-9.246123326
