,mature-mt_tRNA-Ala-TGC,mature-mt_tRNA-Ala-TGC_3_end,mature-mt_tRNA-Ala-TGC_5_end,mature-mt_tRNA-Ala-TGC_CCA_end,mature-mt_tRNA-Arg-TCG,mature-mt_tRNA-Arg-TCG_3_end,mature-mt_tRNA-Arg-TCG_5_end,mature-mt_tRNA-Arg-TCG_CCA_end,mature-mt_tRNA-Asn-GTT,mature-mt_tRNA-Asn-GTT_3_end,mature-mt_tRNA-Asn-GTT_5_end,mature-mt_tRNA-Asn-GTT_CCA_end,mature-mt_tRNA-Asp-GTC,mature-mt_tRNA-Asp-GTC_5_end,mature-mt_tRNA-Asp-GTC_CCA_end,mature-mt_tRNA-Cys-GCA,mature-mt_tRNA-Cys-GCA_3_end,mature-mt_tRNA-Cys-GCA_5_end,mature-mt_tRNA-Cys-GCA_CCA_end,mature-mt_tRNA-Gln-TTG,mature-mt_tRNA-Gln-TTG_3_end,mature-mt_tRNA-Gln-TTG_5_end,mature-mt_tRNA-Gln-TTG_CCA_end,mature-mt_tRNA-Glu-TTC,mature-mt_tRNA-Glu-TTC_3_end,mature-mt_tRNA-Glu-TTC_5_end,mature-mt_tRNA-Glu-TTC_CCA_end,mature-mt_tRNA-Gly-TCC,mature-mt_tRNA-Gly-TCC_3_end,mature-mt_tRNA-Gly-TCC_5_end,mature-mt_tRNA-Gly-TCC_CCA_end,mature-mt_tRNA-His-GTG,mature-mt_tRNA-His-GTG_3_end,mature-mt_tRNA-His-GTG_5_end,mature-mt_tRNA-His-GTG_CCA_end,mature-mt_tRNA-Ile-GAT,mature-mt_tRNA-Ile-GAT_3_end,mature-mt_tRNA-Ile-GAT_5_end,mature-mt_tRNA-Ile-GAT_CCA_end,mature-mt_tRNA-Leu-TAA,mature-mt_tRNA-Leu-TAA_3_end,mature-mt_tRNA-Leu-TAA_5_end,mature-mt_tRNA-Leu-TAA_CCA_end,mature-mt_tRNA-Leu-TAG,mature-mt_tRNA-Leu-TAG_3_end,mature-mt_tRNA-Leu-TAG_5_end,mature-mt_tRNA-Leu-TAG_CCA_end,mature-mt_tRNA-Lys-TTT,mature-mt_tRNA-Lys-TTT_3_end,mature-mt_tRNA-Lys-TTT_5_end,mature-mt_tRNA-Lys-TTT_CCA_end,mature-mt_tRNA-Met-CAT,mature-mt_tRNA-Met-CAT_3_end,mature-mt_tRNA-Met-CAT_5_end,mature-mt_tRNA-Met-CAT_CCA_end,mature-mt_tRNA-Phe-GAA,mature-mt_tRNA-Phe-GAA_3_end,mature-mt_tRNA-Phe-GAA_5_end,mature-mt_tRNA-Phe-GAA_CCA_end,mature-mt_tRNA-Pro-TGG,mature-mt_tRNA-Pro-TGG_3_end,mature-mt_tRNA-Pro-TGG_5_end,mature-mt_tRNA-Pro-TGG_CCA_end,mature-mt_tRNA-Ser-GCT,mature-mt_tRNA-Ser-GCT_3_end,mature-mt_tRNA-Ser-GCT_5_end,mature-mt_tRNA-Ser-GCT_CCA_end,mature-mt_tRNA-Ser-TGA,mature-mt_tRNA-Ser-TGA_3_end,mature-mt_tRNA-Ser-TGA_5_end,mature-mt_tRNA-Ser-TGA_CCA_end,mature-mt_tRNA-Thr-TGT,mature-mt_tRNA-Thr-TGT_3_end,mature-mt_tRNA-Thr-TGT_5_end,mature-mt_tRNA-Thr-TGT_CCA_end,mature-mt_tRNA-Trp-TCA,mature-mt_tRNA-Trp-TCA_3_end,mature-mt_tRNA-Trp-TCA_5_end,mature-mt_tRNA-Trp-TCA_CCA_end,mature-mt_tRNA-Tyr-GTA,mature-mt_tRNA-Tyr-GTA_3_end,mature-mt_tRNA-Tyr-GTA_5_end,mature-mt_tRNA-Tyr-GTA_CCA_end,mature-mt_tRNA-Val-TAC,mature-mt_tRNA-Val-TAC_3_end,mature-mt_tRNA-Val-TAC_5_end,mature-mt_tRNA-Val-TAC_CCA_end,mature-tRNA-Ala-AGC,mature-tRNA-Ala-AGC_3_end,mature-tRNA-Ala-AGC_5_end,mature-tRNA-Ala-AGC_CCA_end,mature-tRNA-Ala-CGC,mature-tRNA-Ala-CGC_3_end,mature-tRNA-Ala-CGC_5_end,mature-tRNA-Ala-CGC_CCA_end,mature-tRNA-Ala-TGC,mature-tRNA-Ala-TGC_3_end,mature-tRNA-Ala-TGC_5_end,mature-tRNA-Ala-TGC_CCA_end,mature-tRNA-Arg-ACG,mature-tRNA-Arg-ACG_3_end,mature-tRNA-Arg-ACG_5_end,mature-tRNA-Arg-ACG_CCA_end,mature-tRNA-Arg-CCG,mature-tRNA-Arg-CCG_3_end,mature-tRNA-Arg-CCG_5_end,mature-tRNA-Arg-CCG_CCA_end,mature-tRNA-Arg-CCT,mature-tRNA-Arg-CCT_3_end,mature-tRNA-Arg-CCT_5_end,mature-tRNA-Arg-CCT_CCA_end,mature-tRNA-Arg-TCG,mature-tRNA-Arg-TCG_3_end,mature-tRNA-Arg-TCG_5_end,mature-tRNA-Arg-TCG_CCA_end,mature-tRNA-Arg-TCT,mature-tRNA-Arg-TCT_3_end,mature-tRNA-Arg-TCT_5_end,mature-tRNA-Arg-TCT_CCA_end,mature-tRNA-Asn-GTT,mature-tRNA-Asn-GTT_3_end,mature-tRNA-Asn-GTT_5_end,mature-tRNA-Asn-GTT_CCA_end,mature-tRNA-Asp-GTC,mature-tRNA-Asp-GTC_3_end,mature-tRNA-Asp-GTC_5_end,mature-tRNA-Asp-GTC_CCA_end,mature-tRNA-Cys-GCA,mature-tRNA-Cys-GCA_3_end,mature-tRNA-Cys-GCA_5_end,mature-tRNA-Cys-GCA_CCA_end,mature-tRNA-Gln-CTG,mature-tRNA-Gln-CTG_3_end,mature-tRNA-Gln-CTG_5_end,mature-tRNA-Gln-CTG_CCA_end,mature-tRNA-Gln-TTG,mature-tRNA-Gln-TTG_3_end,mature-tRNA-Gln-TTG_5_end,mature-tRNA-Gln-TTG_CCA_end,mature-tRNA-Glu-CTC,mature-tRNA-Glu-CTC_3_end,mature-tRNA-Glu-CTC_5_end,mature-tRNA-Glu-CTC_CCA_end,mature-tRNA-Glu-TTC,mature-tRNA-Glu-TTC_3_end,mature-tRNA-Glu-TTC_5_end,mature-tRNA-Glu-TTC_CCA_end,mature-tRNA-Gly-ACC,mature-tRNA-Gly-ACC_3_end,mature-tRNA-Gly-ACC_5_end,mature-tRNA-Gly-ACC_CCA_end,mature-tRNA-Gly-CCC,mature-tRNA-Gly-CCC_3_end,mature-tRNA-Gly-CCC_5_end,mature-tRNA-Gly-CCC_CCA_end,mature-tRNA-Gly-GCC,mature-tRNA-Gly-GCC_3_end,mature-tRNA-Gly-GCC_5_end,mature-tRNA-Gly-GCC_CCA_end,mature-tRNA-Gly-TCC,mature-tRNA-Gly-TCC_3_end,mature-tRNA-Gly-TCC_5_end,mature-tRNA-Gly-TCC_CCA_end,mature-tRNA-His-GTG,mature-tRNA-His-GTG_3_end,mature-tRNA-His-GTG_5_end,mature-tRNA-His-GTG_CCA_end,mature-tRNA-Ile-AAT,mature-tRNA-Ile-AAT_3_end,mature-tRNA-Ile-AAT_5_end,mature-tRNA-Ile-AAT_CCA_end,mature-tRNA-Ile-TAT,mature-tRNA-Ile-TAT_3_end,mature-tRNA-Ile-TAT_5_end,mature-tRNA-Ile-TAT_CCA_end,mature-tRNA-Leu-AAG,mature-tRNA-Leu-AAG_3_end,mature-tRNA-Leu-AAG_5_end,mature-tRNA-Leu-AAG_CCA_end,mature-tRNA-Leu-CAA,mature-tRNA-Leu-CAA_3_end,mature-tRNA-Leu-CAA_5_end,mature-tRNA-Leu-CAA_CCA_end,mature-tRNA-Leu-CAG,mature-tRNA-Leu-CAG_3_end,mature-tRNA-Leu-CAG_5_end,mature-tRNA-Leu-CAG_CCA_end,mature-tRNA-Leu-TAA,mature-tRNA-Leu-TAA_3_end,mature-tRNA-Leu-TAA_5_end,mature-tRNA-Leu-TAA_CCA_end,mature-tRNA-Leu-TAG,mature-tRNA-Leu-TAG_3_end,mature-tRNA-Leu-TAG_5_end,mature-tRNA-Leu-TAG_CCA_end,mature-tRNA-Lys-CTT,mature-tRNA-Lys-CTT_3_end,mature-tRNA-Lys-CTT_5_end,mature-tRNA-Lys-CTT_CCA_end,mature-tRNA-Lys-TTT,mature-tRNA-Lys-TTT_3_end,mature-tRNA-Lys-TTT_5_end,mature-tRNA-Lys-TTT_CCA_end,mature-tRNA-Met-CAT,mature-tRNA-Met-CAT_3_end,mature-tRNA-Met-CAT_5_end,mature-tRNA-Met-CAT_CCA_end,mature-tRNA-Phe-GAA,mature-tRNA-Phe-GAA_3_end,mature-tRNA-Phe-GAA_5_end,mature-tRNA-Phe-GAA_CCA_end,mature-tRNA-Pro-AGG,mature-tRNA-Pro-AGG_3_end,mature-tRNA-Pro-AGG_5_end,mature-tRNA-Pro-AGG_CCA_end,mature-tRNA-Pro-CGG,mature-tRNA-Pro-CGG_3_end,mature-tRNA-Pro-CGG_5_end,mature-tRNA-Pro-CGG_CCA_end,mature-tRNA-Pro-TGG,mature-tRNA-Pro-TGG_3_end,mature-tRNA-Pro-TGG_5_end,mature-tRNA-Pro-TGG_CCA_end,mature-tRNA-SeC-TCA,mature-tRNA-SeC-TCA_3_end,mature-tRNA-SeC-TCA_5_end,mature-tRNA-SeC-TCA_CCA_end,mature-tRNA-Ser-AGA,mature-tRNA-Ser-AGA_3_end,mature-tRNA-Ser-AGA_5_end,mature-tRNA-Ser-AGA_CCA_end,mature-tRNA-Ser-CGA,mature-tRNA-Ser-CGA_3_end,mature-tRNA-Ser-CGA_5_end,mature-tRNA-Ser-CGA_CCA_end,mature-tRNA-Ser-GCT,mature-tRNA-Ser-GCT_3_end,mature-tRNA-Ser-GCT_5_end,mature-tRNA-Ser-GCT_CCA_end,mature-tRNA-Ser-GGA,mature-tRNA-Ser-GGA_CCA_end,mature-tRNA-Ser-TGA,mature-tRNA-Ser-TGA_3_end,mature-tRNA-Ser-TGA_5_end,mature-tRNA-Ser-TGA_CCA_end,mature-tRNA-Sup-TCA,mature-tRNA-Sup-TTA,mature-tRNA-Sup-TTA_5_end,mature-tRNA-Thr-AGT,mature-tRNA-Thr-AGT_3_end,mature-tRNA-Thr-AGT_5_end,mature-tRNA-Thr-AGT_CCA_end,mature-tRNA-Thr-CGT,mature-tRNA-Thr-CGT_3_end,mature-tRNA-Thr-CGT_5_end,mature-tRNA-Thr-CGT_CCA_end,mature-tRNA-Thr-TGT,mature-tRNA-Thr-TGT_3_end,mature-tRNA-Thr-TGT_5_end,mature-tRNA-Thr-TGT_CCA_end,mature-tRNA-Trp-CCA,mature-tRNA-Trp-CCA_3_end,mature-tRNA-Trp-CCA_5_end,mature-tRNA-Trp-CCA_CCA_end,mature-tRNA-Tyr-GTA,mature-tRNA-Tyr-GTA_3_end,mature-tRNA-Tyr-GTA_5_end,mature-tRNA-Tyr-GTA_CCA_end,mature-tRNA-Val-AAC,mature-tRNA-Val-AAC_3_end,mature-tRNA-Val-AAC_5_end,mature-tRNA-Val-AAC_CCA_end,mature-tRNA-Val-CAC,mature-tRNA-Val-CAC_3_end,mature-tRNA-Val-CAC_5_end,mature-tRNA-Val-CAC_CCA_end,mature-tRNA-Val-TAC,mature-tRNA-Val-TAC_3_end,mature-tRNA-Val-TAC_5_end,mature-tRNA-Val-TAC_CCA_end,mature-tRNA-iMet-CAT,mature-tRNA-iMet-CAT_3_end,mature-tRNA-iMet-CAT_5_end,mature-tRNA-iMet-CAT_CCA_end,pre-tRNA-Arg-TCT,pre-tRNA-Ile-TAT,pre-tRNA-Leu-CAA,pre-tRNA-Tyr-GTA
F2_CTRL5,-0.614111064,-6.935622991,-6.935622991,-3.179894544,-1.282377644,-8.001512706,-8.001512706,-1.86743731,0.717368258,-6.312117478,-3.248250411,-3.319786742,-1.630391515,-9.827273296,-3.051674158,-0.085933487,-5.869733277,-1.896181208,-2.147802977,0.075190744,-9.746070583,0.69062404,-3.114448335,1.249855859,-3.114448335,-4.314140126,-0.168578952,0.76436609,-4.460703717,-5.869733277,-2.29095313,4.681889447,-3.051674158,-6.312117478,1.079479947,-0.041868759,-6.935622991,-2.217712916,-5.246227764,-0.187563808,-4.803843562,0.607481964,-5.00918197,-0.348521456,-9.659461031,-6.935622991,-4.803843562,-0.998771188,-8.001512706,-0.103919117,-1.116470982,1.196429758,-4.460703717,0.607481964,-2.253897028,-1.512948676,-6.935622991,-9.722812549,-1.558855184,-0.90459357,-8.001512706,-4.18033805,-1.535730631,1.756513754,-4.460703717,4.54911171,-4.622722251,-1.925472642,-6.935622991,0.738433708,-6.312117478,-0.652397369,-4.057252071,-3.473690462,-1.811512826,0.183966144,-6.312117478,-3.248250411,0.939188643,-2.672064134,-9.784037234,-1.86743731,-3.179894544,3.280889951,-3.319786742,-3.394814003,1.870858924,1.698789676,-4.314140126,4.967613147,0.685218924,2.107188985,-2.82344073,3.278886363,0.824875686,1.681891112,-2.367856844,3.50587487,1.275888588,0.213682118,-4.057252071,0.099156223,-1.048115115,1.315927044,-6.935622991,-0.413506639,-1.490499317,2.810215131,-9.694276093,-1.015043866,-0.90459357,-0.024590444,-5.869733277,0.601776007,-0.759414718,0.988870767,-5.246227764,0.235598221,-2.253897028,1.112640343,-5.246227764,0.099156223,0.026109328,4.411474835,-0.731954099,4.558300194,1.268495527,4.371606711,-3.248250411,3.969730431,1.873361372,3.996992911,0.228327504,0.221022246,1.511353145,3.101644636,-1.630391515,-1.382920231,-0.745623112,6.842086597,-9.767652596,9.944530402,-0.21648793,4.427707097,-1.757551016,4.59664371,5.204181304,1.827682157,-2.877402541,2.588277532,1.883330637,4.026248774,-2.933327024,6.367253862,2.559741075,9.55681264,-4.622722251,11.81912464,1.330231834,3.453981198,-3.394814003,6.67968381,0.099156223,3.390983364,-6.312117478,-1.896181208,-0.540284705,1.726547718,-5.246227764,2.796558258,4.236281441,0.887847632,-4.18033805,-5.246227764,-0.935349671,3.395636178,-3.179894544,8.060053579,1.28691196,4.053747588,-2.29095313,5.646063826,2.381816758,4.064610886,-1.341911033,7.618355336,3.272859887,2.558140082,-5.869733277,6.035340382,-1.169808831,3.442307683,-3.179894544,8.206714796,1.28691196,7.221218005,-5.526593432,8.146235401,0.868744855,4.127072309,-4.622722251,5.820696362,1.59449522,2.58670599,-5.869733277,0.264342119,-0.528317689,-0.226251479,-6.312117478,-4.314140126,1.208035502,0.859103733,-2.534262696,-3.319786742,-0.626767546,0.911397155,-2.534262696,-3.319786742,-0.626767546,1.3479277,-2.534262696,-3.319786742,-0.614111064,3.052496333,-5.526593432,3.455769284,-0.935349671,1.308724437,-5.246227764,6.078957022,-0.787374649,0.000968379,-5.526593432,4.019451378,-1.680000779,2.200919986,-2.933327024,7.532829318,0.380842418,-1.188007313,1.058385599,2.016511524,-3.943292255,6.676826347,1.551945958,-0.589106386,-6.935622991,-9.695369216,-1.468372981,-4.314140126,-4.803843562,-1.582332797,0.017774599,-4.314140126,-2.080933581,-0.21648793,2.007371801,-0.391538354,1.588488362,0.285552853,2.75343434,-0.516443083,4.185984263,1.723794354,0.69062404,-3.837198204,-0.206785981,0.354213981,6.781944715,-2.877402541,6.32081727,1.915291499,7.057199339,-2.877402541,6.283483821,1.915291499,2.774451803,-5.246227764,2.021061095,-0.206785981,5.372863786,-3.319786742,3.192287532,2.631641036,-4.803843562,0.026109328,-3.837198204,-1.896181208
F2_CTRL7,0.917579359,-8.24194796,-2.614759904,-3.085746194,-0.246893581,-8.311588588,-2.351976378,-0.246893581,1.223135309,-8.498111111,-3.253662711,-3.298825318,0.422711924,-5.00594562,-1.111864831,0.465671154,-8.536187622,-0.038781192,-3.209848445,0.778991525,-5.755668515,1.691476776,-2.12917541,1.730737751,-4.143269396,-5.755668515,0.305538435,0.9432835,-5.755668515,-8.536260615,-2.530870276,5.258832489,-2.935083881,-1.101565358,1.097917855,0.875492778,-8.380539811,-1.486629236,-4.86606183,-0.136490503,-8.355045188,0.638537656,-3.917027233,0.486688252,-3.721047357,-4.86606183,-0.224138568,0.253473777,-8.31173256,1.149736568,-1.626513026,1.994595652,-8.481137426,1.430912176,-4.738357936,-0.94590502,-5.160579975,-6.350757055,-0.185146968,-0.918471157,-8.361726943,-3.443302754,-3.209848445,2.461867126,-4.063916615,5.856701131,-2.766200202,-0.731579043,-8.456332711,1.636910309,-6.023256199,0.253473777,-8.261179141,-1.252782554,-1.252782554,0.547991922,-8.387552994,-4.316135897,2.119807748,-1.299012169,-8.35328444,-1.76492988,-2.108648238,3.431324699,-2.281514739,-3.548180855,2.271696229,0.705958103,-4.738357936,3.877208105,-0.48272212,1.165151087,-4.063916615,2.391390644,0.080607276,0.770416998,-3.603571162,2.536877052,0.340530874,-0.918471157,-8.409464471,0.411772726,-2.586260583,1.088716139,-8.307657822,0.325081585,-3.345421896,1.671445289,-8.324720317,-0.805182323,-0.865095495,-0.089395481,-8.431770182,0.6848402,-2.281514739,-0.594598655,-8.255523087,0.807216797,-2.351976378,0.527840544,-8.296652815,-1.717325633,-1.486629236,3.371177653,-1.686426199,3.436926495,-0.212892008,3.219896241,-3.848751251,3.511858583,1.223135309,3.101249189,0.043449116,1.12743114,0.024511189,2.210666076,-2.766200202,-1.287317534,-2.010109969,5.967788353,-6.350757055,9.139051288,-2.068435614,3.208508396,-4.316135897,3.439254282,2.802886674,0.261604928,-3.443302754,1.467019014,0.47971594,3.036594263,-5.160579975,5.394793994,1.355919163,8.695439644,-4.738357936,11.13807815,0.134638,2.649447976,-6.023256199,5.772247468,-0.973861464,3.035982097,-8.351822493,-3.345421896,-2.108648238,1.122929085,-8.446137671,1.830107873,3.015636014,-0.023931126,-5.00594562,-6.772979094,-3.494805194,2.248844588,-4.410857079,6.483256436,0.393357567,2.593413975,-3.848751251,4.656928398,0.51425092,3.138260926,-3.345421896,6.526064441,1.37312981,2.033899595,-4.316135897,5.296582983,-1.797546087,2.380903845,-4.410857079,6.676866626,0.393357567,6.194469507,-8.443296416,6.899194827,-0.839118376,3.136546693,-8.32056303,5.041539554,0.415428192,1.712747713,-8.25870466,-0.120623657,-1.991172043,-0.99279939,-8.451314093,-2.766200202,-0.019014308,-0.229794332,-3.3935465,-3.494805194,-1.899983158,-0.229794332,-3.3935465,-3.494805194,-1.899983158,0.490162027,-3.3935465,-3.494805194,-1.899983158,1.521286062,-8.287962792,2.515210451,-2.451517496,0.571157414,-5.00594562,5.072438989,-2.108648238,-1.021672497,-8.333184848,3.354516124,-2.558304139,1.19764693,-8.385378214,5.916309646,-1.310800738,-2.214281507,-0.136490503,1.17823589,-5.00594562,5.679909569,-0.436335945,-1.935781736,-4.738357936,-8.272523189,-3.443302754,-8.401204802,-5.755668515,-3.167304337,-0.416896337,-6.350757055,-1.671217058,-1.686426199,1.072472996,-1.252782554,1.586825386,-0.653906479,2.199882274,-0.780235508,3.396778583,1.355919163,-0.068939834,-5.529426352,-1.061075371,-1.299012169,5.21994705,-3.443302754,5.765303174,0.53121838,5.388521106,-3.443302754,5.725972299,0.53121838,1.467019014,-4.86606183,1.312978977,-1.97247537,3.449452907,-5.00594562,2.170363915,0.534588459,-4.063916615,-1.626513026,-2.171111661,-2.477494615
F2_CTRL9,-0.303468295,-9.021280049,-3.414078881,-2.245078473,0.161223853,-5.800299963,-8.863893558,-0.123793435,1.909259211,-8.840939724,-3.570290861,-1.914236356,-1.914236356,-8.915994373,-3.143761188,0.213480981,-5.469457846,-1.666554867,-2.717231516,0.755720089,-7.855678928,0.803904737,-1.217388991,2.612483543,-1.556679237,-6.226829636,1.919449234,1.719728019,-5.800299963,-4.597980344,-1.997396984,4.868424656,-2.245078473,-4.441768363,0.649607079,0.837989974,-3.942900319,-1.494461331,-4.970589801,0.755720089,-3.840608554,0.596041096,-3.4901285,0.509252389,-7.855678928,-8.908480939,-4.970589801,-0.321772756,-7.855678928,0.755720089,-0.084041925,1.896938011,-2.915210836,1.593675985,-1.322089599,-0.955519427,-4.970589801,-9.063654695,-0.387678829,0.187582636,-6.226829636,-2.969131052,-0.56110601,2.836481719,-4.052775949,5.572722067,-5.469457846,-0.466771848,-8.814269356,1.767743769,-3.744920998,0.842196055,-4.300457438,-4.171450671,-0.955519427,0.737802741,-4.171450671,-4.77261048,2.064448326,-1.785229589,-8.867550532,-2.627346874,-1.941441569,3.66102451,-1.785229589,-4.300457438,1.98888331,1.710403192,-3.744920998,5.142443174,0.300720408,1.562999528,-2.764303486,2.625155778,0.540467068,1.483411056,-2.423926657,2.835387114,1.056881383,-0.267523685,-4.300457438,0.141142609,-1.887521354,0.282453534,-8.890104526,-0.969707502,-2.812919071,1.747355697,-8.922053184,-1.184069779,-1.358699916,-1.073017915,-7.855678928,-0.44659953,-0.873129203,-0.745235949,-7.855678928,-0.349660271,-3.4901285,0.086223644,-5.469457846,-1.088382224,-0.198147637,3.741616111,-1.34028176,3.428495031,0.482728559,3.628674663,-3.272767956,4.09287786,1.266624179,3.357843856,0.134387961,0.348359607,1.32840989,2.468242619,-1.358699916,-0.969707502,-0.833589726,6.698052869,-9.034639703,9.621340784,-1.997396984,3.563118338,-4.300457438,4.115215646,3.745770005,1.060510865,-3.570290861,1.898998668,0.668615576,3.513362851,-3.025086467,6.319966525,1.691575733,8.620440723,-5.469457846,11.37482603,0.371617221,2.72870883,-3.206861882,5.568221864,-0.605039373,2.465434583,-4.597980344,-1.088382224,-1.322089599,1.038599493,-5.199140153,2.694185686,3.19184882,0.294656422,-5.800299963,-3.744920998,-1.494461331,2.78527426,-3.655036356,7.540124308,0.692038536,2.412502987,-3.4901285,5.315994858,1.182249762,3.656625906,-2.116071706,7.169190589,2.356099373,2.019572996,-5.469457846,5.80956932,-1.119596903,2.904907071,-3.655036356,7.716938204,0.692038536,6.063594074,-8.799398783,7.218924462,-0.466771848,3.200433919,-8.999644432,5.210838082,0.919924771,1.790073145,-6.827989445,-0.528989754,-1.251474228,-0.92754421,-6.226829636,-4.171450671,0.524941874,0.417065761,-2.055547281,-3.272767956,-1.268815274,0.471984726,-2.055547281,-3.272767956,-1.268815274,0.842196055,-2.055547281,-3.272767956,-1.268815274,1.9295697,-9.013406708,3.314888343,-1.415368311,0.974698797,-6.827989445,6.173939483,-0.998497582,-0.8206408,-6.226829636,3.971269651,-3.083236764,2.057062794,-2.812919071,7.290123654,0.043656821,-1.835493471,0.394515631,1.783409572,-4.441768363,6.670204781,0.98236105,-3.570290861,-8.881068288,-8.932670087,-1.712891217,-4.441768363,-5.199140153,-2.969131052,-0.673481179,-5.469457846,-3.083236764,-0.745235949,1.682071581,1.113913127,0.923905022,0.05798198,2.478029074,-0.650314419,3.936770075,1.300924484,0.187582636,-4.052775949,-0.720929789,-0.955519427,5.56318624,-3.570290861,5.362520883,0.719666215,5.821453412,-3.570290861,5.328884814,0.719666215,1.710403192,-4.171450671,2.208268661,-0.84665274,4.273643006,-3.4901285,2.350035386,1.165458614,-6.226829636,-0.172946308,-2.717231516,-2.627346874
F2_HFD11,1.564864607,-8.121697688,-2.024173591,-1.679092832,1.690438598,-5.523339727,-3.007871252,0.731297574,2.717178785,-5.106151474,-1.919799696,0.044523399,0.675197495,-8.552670468,-1.215730249,2.316900751,-2.965834361,0.256887253,-0.254591469,1.921600936,-4.402082028,3.79264457,-1.119816213,3.036489074,-1.062939465,-2.885248564,2.35014088,1.810620909,-2.84657504,-4.294612782,-0.222996076,5.336508692,-3.189379236,-3.189379236,0.252390595,1.606172586,-8.121697688,-0.640184329,-2.808906138,1.323600968,-4.294612782,2.575501874,-1.860600816,2.385742539,-7.116515617,-3.28943071,-1.09679714,0.602760095,-6.528521799,2.057484088,0.385685271,2.578221796,-2.808906138,0.884735612,-0.798541996,0.265838955,-4.100969403,-8.698181257,-0.068955683,0.173733644,-8.686518489,-2.364094742,0.414160796,4.560692775,-3.706618964,7.046612769,-2.310378557,0.3097869,-8.121697688,2.716355526,-2.84657504,1.366006656,-4.013053323,-0.063345729,0.685256527,1.253062021,-5.106151474,-1.822436213,3.176744857,-0.99750711,-5.787737196,1.214144278,-1.008209529,4.730625994,-1.612406545,-1.179015094,3.361669444,0.969565126,-4.100969403,4.593784906,-0.167803196,1.230295914,-2.885248564,3.065905319,0.318418897,0.95021079,-2.507793514,3.250379356,0.67182892,-0.726018325,-4.294612782,-0.20436407,-3.851757112,0.599218772,-8.789084617,-0.409513292,-3.051163159,1.380560467,-8.121697688,-1.748994131,-1.502611443,-0.388342533,-8.682874759,0.825294045,-1.266176073,-0.423800808,-8.623541451,-0.046644917,-2.924981767,0.02884572,-5.523339727,-0.155818242,-1.372658472,3.388854415,-1.443412562,4.164436608,1.105782344,2.902361518,-5.106151474,3.108626135,0.964061623,2.144331565,-1.331805878,-0.097335672,-0.085916942,1.67194341,-3.095787332,-1.131464237,-2.233360218,5.490907482,-8.686114005,8.133672289,-1.131464237,3.313379593,-2.090605261,3.521882038,3.792252473,1.162178187,-3.777373054,2.398102027,1.093226671,3.004439787,-2.633974906,4.296572294,2.156497502,8.123479142,-3.930163838,10.14095352,0.983233193,2.683878328,-3.14182838,6.247503851,-0.543470419,1.864952094,-5.787737196,-1.358912671,-2.419877434,0.816163871,-4.194561307,2.156497502,2.1805274,0.105592262,-5.787737196,-4.100969403,-1.785250299,2.36385668,-3.851757112,7.116416239,0.183211921,2.498153502,-3.512975585,4.416392718,1.514821786,2.717178785,-2.507793514,6.154868649,2.484690277,1.656633543,-4.518157656,5.214867871,-1.386535814,2.419480859,-3.851757112,7.28217662,0.183211921,5.901883578,-5.787737196,6.54167473,-0.155818242,3.468950207,-6.528521799,5.301338863,0.763311483,2.553556873,-5.523339727,-0.138024507,-1.074137754,-0.945148672,-5.523339727,-4.518157656,0.318418897,0.02884572,-4.013053323,-4.013053323,-0.798541996,0.044523399,-4.013053323,-4.013053323,-0.798541996,0.533950053,-4.013053323,-3.930163838,-0.780068228,2.179335315,-6.111333546,3.281385169,-0.855418744,0.120465943,-5.299794853,5.029414081,-1.54865249,-1.628792835,-6.111333546,2.940253283,-2.364094742,1.413287864,-4.518157656,6.736569036,-0.430997702,-2.184197165,-0.052190511,0.750590602,-4.644339048,5.426157497,0.803900194,-1.487583628,-8.670680997,-5.787737196,-2.310378557,-5.106151474,-3.706618964,-2.045981088,-1.155044776,-8.121697688,-2.601385418,-1.119816213,0.834367096,-0.884716128,1.125648014,-0.097335672,1.195462266,-2.208570363,3.079431331,0.681911263,-0.198206221,-4.402082028,-1.24073382,-1.179015094,5.235162568,-3.777373054,5.026570771,1.130572199,5.466639345,-3.777373054,4.994064989,1.130572199,1.282133504,-7.116515617,1.403139668,-1.062939465,3.553200409,-2.84657504,2.443534008,1.648057698,-4.518157656,-0.24821708,-2.924981767,-1.748994131
F2_HFD5,0.333759649,-10.83064662,-10.99337939,-2.876430373,1.403807145,-11.00083107,-11.04747927,-0.580020017,2.074622688,-10.94593411,-3.5599691,-2.51638418,-1.921592992,-10.94073803,-3.5599691,1.076043481,-2.958681511,2.149560088,-3.819838463,0.931456579,-10.89665558,2.112507741,-2.876430373,3.432213263,-2.015273421,-4.50337719,3.25797427,0.658959337,-6.156872807,-4.988355635,-2.332294492,5.133080812,-8.008928706,-3.966523454,-1.668245161,-0.580020017,-10.89443863,-4.304816908,-4.988355635,1.345781052,-8.008928706,1.305956824,-3.443659956,0.964675662,-10.84864026,-10.94780044,-0.404458917,-1.193096562,-6.840411534,-0.262411656,-1.315755295,3.232463358,-5.295715855,4.404190586,-1.790164339,-0.895623842,-6.156872807,-10.8252055,-0.730447105,-0.02457939,-10.92872572,-3.684901352,-0.480238593,3.025312923,-4.988355635,6.241573137,-2.798006282,-2.51638418,-11.08549469,1.31265987,-8.008928706,-0.386034538,-6.156872807,-4.127198683,-2.166342846,-0.580020017,-4.988355635,-6.840411534,0.546870005,-1.106625612,-10.9426685,-3.966523454,-2.064141014,3.64466943,-5.295715855,-5.671894362,1.561021926,1.230408732,-4.50337719,4.255658127,-0.367809345,1.472118344,-2.582503004,2.619198901,0.504188891,1.453760842,-2.219865244,2.600605176,0.972879152,-0.846756249,-10.89333494,-0.846756249,-2.064141014,0.764058255,-5.295715855,0.871699955,-3.5599691,1.899840147,-10.99424685,-0.279526666,-1.707913201,-2.064141014,-6.840411534,0.989167336,-2.723068882,-1.106625612,-10.79808256,1.136527599,-2.452761009,1.305956824,-8.008928706,-2.166342846,-1.629489111,5.489440763,-0.559585659,3.413077825,2.087345872,5.632049494,-6.840411534,6.322625687,0.209746849,4.028546495,-2.723068882,4.444330909,-0.24546866,2.189796221,-4.728486272,0.06189156,-2.798006282,9.170433039,-11.04777023,12.81643309,-2.582503004,5.843233376,-1.222934756,6.493516025,4.999588395,0.504188891,-5.671894362,0.28524367,-0.163217522,6.744962286,-4.988355635,9.196046554,1.650953324,11.97990594,-10.97880988,15.05668333,0.639126003,4.364166175,-10.8966851,6.544734565,-1.078760285,5.078797355,-10.81462348,1.091369168,-2.798006282,1.715387177,-8.008928706,3.689362254,1.537768952,0.426793677,-6.840411534,-11.08516468,-1.448043838,1.7518668,-4.988355635,7.083061795,0.235289973,1.720647131,-4.988355635,3.96595057,1.202075058,3.522959916,-3.819838463,7.109474214,2.440553054,1.51419075,-6.840411534,4.907773504,-1.967782564,2.116665114,-4.988355635,7.358815864,0.235289973,9.263523531,-6.840411534,10.51969047,-1.748537189,5.670817272,-10.97598615,7.203264947,0.15746936,3.816743038,-6.156872807,0.536300604,-2.275142784,-1.448043838,-10.85821147,-2.391451928,-0.664328281,-0.75307582,-5.295715855,-3.334860018,-2.723068882,-0.367809345,-5.295715855,-3.334860018,-2.723068882,0.144142698,-5.295715855,-3.136299736,-2.651321291,2.780714446,-8.008928706,3.570951535,-3.045152461,-0.75307582,-6.840411534,4.636500023,-2.015273421,-1.748537189,-11.00975628,3.488349879,-4.728486272,1.098980079,-6.840411534,6.790993298,-1.921592992,-2.876430373,-0.971688501,0.546870005,-6.156872807,5.430002522,-0.131408768,-2.391451928,-10.83632342,-10.96528451,-1.591604057,-4.127198683,-8.008928706,-2.651321291,-1.448043838,-10.83812357,-3.966523454,-2.958681511,1.258274059,-2.51638418,3.149033666,-1.448043838,0.836577562,-4.728486272,2.426791231,-0.539396029,-0.33193961,-8.008928706,-0.664328281,-2.332294492,8.604202629,-5.671894362,10.50074645,-0.131408768,8.632028781,-5.671894362,10.45581593,-0.131408768,3.126374536,-10.9594986,3.108025359,-0.68608102,4.715643669,-5.295715855,5.62739897,0.981042916,-8.008928706,0.209746849,-1.106625612,-4.304816908
F2_HFD6,-0.149247907,-9.388700299,-9.277799734,-4.551061907,-0.682805634,-9.367825835,-9.370223578,-1.488841531,0.933507206,-9.291089752,-4.075360876,-2.356650841,-1.244318772,-9.15663156,-2.356650841,0.472635393,-4.181178895,0.329086178,-2.05494585,1.174945804,-9.236878449,1.7379185,-3.231725692,1.904128294,-3.487945385,-9.203302524,1.80790318,0.493574325,-4.858841176,-5.039491252,-1.451431068,4.05758084,-5.760360698,-3.795724653,-0.173151034,0.483140591,-8.22884082,-1.648336059,-9.150522169,0.564688191,-4.181178895,1.075070268,-4.417607953,0.881914274,-9.223876701,-5.244295418,-2.323665635,-1.019465263,-9.171398702,-0.73982904,-1.826362093,1.998573828,-2.690584873,0.151327248,-2.690584873,-0.523449326,-5.480724475,-9.404727801,-1.228258385,-1.105492647,-9.275828062,-2.460089103,-0.627826525,2.285662546,-8.22884082,5.196668289,-3.712798894,-2.110724831,-9.41112879,0.807485782,-9.168411053,-0.964682549,-8.22884082,-2.57101113,-1.923775965,0.288027242,-6.102607775,-3.419767363,1.071507542,-2.356650841,-9.132603783,-2.001124435,-1.669491608,3.699085822,-2.690584873,-3.712798894,2.070898159,0.869757648,-4.551061907,4.573209734,-0.07215867,1.490284244,-2.775815296,2.873224955,0.424450709,1.327178387,-2.390361053,2.966208147,0.764520706,-0.978195878,-9.351761294,-0.799054658,-2.496179073,0.724795388,-9.340689323,-0.671651019,-3.559295595,1.476650795,-5.039491252,-1.586565848,-1.293534318,-0.978195878,-9.341973353,0.674801977,-1.566516505,-0.81117925,-9.13764202,0.820144063,-3.712798894,0.091692192,-5.244295418,-1.06187588,-1.627468351,3.895022009,-1.06187588,4.443883256,0.357755291,3.397296948,-8.22884082,4.191077215,0.472635393,2.734955446,-0.848138941,2.152355509,-0.087269659,1.747130257,-3.291880576,-1.802945562,-1.874295773,7.007932765,-5.480724475,10.21842158,-2.820275015,3.782316169,-1.586565848,4.406228511,4.198524892,0.711321629,-4.181178895,1.657300872,0.702272913,3.795658509,-4.294842215,5.956225171,1.65973347,9.747099831,-7.165724297,12.32250654,0.584415189,2.851028433,-5.760360698,6.172701999,-0.73982904,2.781274385,-9.195576186,-0.617063302,-2.913258207,1.345187435,-3.712798894,2.713096364,2.952667286,0.098433974,-9.228707023,-9.147984539,-2.291374907,2.199231064,-3.634127653,6.920335865,1.053568706,2.659580691,-3.634127653,4.476380067,2.169884305,3.369646777,-3.118062372,6.720124937,3.13587265,1.827637228,-9.365064266,5.295851228,-1.451431068,2.348984353,-3.634127653,7.089879789,1.053568706,7.009493534,-9.269718369,8.110505977,-0.585219537,3.600142547,-8.22884082,5.698340515,0.363425364,2.634038836,-4.551061907,0.151327248,-1.527187352,-1.244318772,-8.22884082,-4.551061907,0.270088406,-0.14136227,-4.181178895,-2.57101113,-1.090815473,0.015508215,-4.181178895,-2.57101113,-1.090815473,0.594184349,-4.181178895,-2.390361053,-1.090815473,2.166394536,-4.417607953,3.110598151,-2.649682371,-0.173151034,-6.102607775,4.540121739,-1.150386182,-1.361712339,-9.353100045,2.634038836,-2.690584873,1.511848788,-4.697244175,6.800257736,-1.379241135,-2.139393945,-0.102531008,0.807485782,-5.760360698,5.140925192,0.777537075,-2.198391716,-6.543840998,-9.121535349,-2.496179073,-9.130144621,-6.543840998,-1.527187352,-0.823400454,-6.543840998,-5.244295418,-1.669491608,1.249777861,-1.850141684,1.503797573,-0.991829327,1.429369082,-2.291374907,2.811394369,0.660879767,-0.574750193,-9.155457335,-0.873282995,-1.507894607,7.138310082,-4.181178895,8.667842613,0.733712581,7.183070294,-4.181178895,8.626032803,0.733712581,1.649979841,-9.144939473,2.023702037,-0.406905718,4.047878359,-4.294842215,3.472166288,1.825457053,-5.039491252,-0.69404197,-3.634127653,-2.356650841
F2_HFDt4,-0.875463462,-4.609122963,-8.121915861,-2.43783534,0.324558263,-9.996685769,-5.548841571,-1.000568453,1.568783504,-10.2879529,-4.149193854,-1.658124255,-0.824705518,-10.23849357,-2.071976948,0.886652996,-10.09670719,0.762012688,-1.774447614,1.336558618,-7.013753082,1.673360771,-1.284634627,3.481278572,-0.23297034,-5.01090963,3.638869984,1.669866254,-5.905590304,-6.365519412,-2.071976948,4.914557852,-2.913063522,-4.440678793,0.780424495,0.316422159,-5.905590304,-3.792445122,-2.794584072,1.012862726,-4.288302506,2.956586332,-2.000910095,0.153406656,-5.905590304,-10.06878025,-2.484178902,-1.423743278,-10.2181266,-1.932868297,-0.841446414,2.889496449,-1.835945232,2.623902619,-0.808138106,-1.835945232,-7.013753082,-10.07068985,1.247963047,0.565197992,-4.288302506,-3.041031076,-0.910220069,3.094390847,-10.2345152,6.141183663,-2.531906057,-0.759441724,-10.21458175,1.848423554,-5.01090963,0.606547046,-5.01090963,-8.121915861,-0.982085693,0.411424815,-4.797427525,-8.121915861,1.820014774,-1.076713365,-6.365519412,-2.852726514,-1.630319363,3.378924205,-2.348993543,-4.0212263,0.84617638,1.820014774,-2.852726514,4.278231216,1.915813417,2.193238984,-3.180139727,2.902494415,2.210793963,2.409870078,-2.684282343,3.213280283,2.697312685,-0.636400956,-8.121915861,0.996954725,-2.306357925,0.411424815,-6.365519412,-0.111208054,-2.306357925,1.349434454,-10.23928791,-1.658124255,-1.472939188,-0.875463462,-10.16860557,0.711851995,-1.472939188,-0.636400956,-10.24127102,0.81662395,-5.01090963,1.568783504,-8.121915861,0.153406656,1.059658485,4.179424963,-1.399701607,4.177968251,0.737129058,4.21684095,-5.01090963,5.26116167,1.954339159,3.041872736,-1.448152011,2.497699768,0.980886842,2.300511838,-3.592341681,-2.684282343,-1.219370832,8.234788554,-5.905590304,11.97057087,-3.592341681,3.571094487,-3.689264746,4.289144166,4.302007279,0.180276884,-5.548841571,0.232699317,0.456889706,4.085729245,-4.288302506,8.408185462,2.737283291,10.57394149,-8.121915861,13.6895693,1.340862095,2.755126567,-4.149193854,6.544747855,0.822578299,3.261830107,-10.0535998,-2.852726514,-1.376016123,1.059658485,-6.365519412,1.399925206,2.923393287,-0.210130795,-8.121915861,-5.548841571,-0.535998584,2.700987953,-3.332516014,8.215545935,1.383271504,2.932947544,-5.01090963,4.639354071,1.906789455,4.00091864,-3.902746851,7.13180249,3.041872736,1.891635399,-4.0212263,5.608110343,-1.076713365,2.836421336,-3.332516014,8.361186511,1.383271504,6.750022052,-10.01449267,7.139707707,-0.963814169,2.970603635,-4.288302506,4.909032244,0.324558263,1.095131213,-4.609122963,-0.841446414,-1.156667072,-0.402692992,-10.20138024,-8.121915861,1.829540567,-0.56404739,-3.414520704,-3.254513181,-1.658124255,-0.522156585,-3.414520704,-3.254513181,-1.658124255,0.456889706,-3.414520704,-3.254513181,-1.658124255,0.565197992,-10.19355178,2.000515393,-7.013753082,0.579100175,-5.257356633,6.104483975,-0.824705518,-0.824705518,-8.121915861,2.884594838,-1.867604503,1.718107787,-6.365519412,7.052938035,-0.775509607,-1.219370832,1.701045289,1.283992537,-5.257356633,6.719249186,0.620095779,-3.254513181,-10.02437164,-10.06882383,-2.684282343,-10.02780248,-5.01090963,-1.198195146,-0.681438891,-8.121915861,-3.180139727,-1.284634627,0.869431204,-2.631859911,0.606547046,0.308244439,1.768229163,-1.498116731,4.03793191,1.090111614,-0.681438891,-4.288302506,-2.852726514,-0.522156585,7.333425311,-5.548841571,8.973912874,0.501097342,7.437864411,-5.548841571,8.938990382,0.501097342,1.399925206,-10.04116015,2.436079533,-1.306995004,4.850787296,-5.905590304,4.53559117,0.804648307,-4.797427525,-1.399701607,-2.684282343,-2.684282343
F2_HFDt5,0.566897086,-5.974703586,-3.351206312,-1.8688252,0.566897086,-9.530801363,-4.871704026,-1.775192783,1.828661684,-9.613848316,-2.665704907,-0.790120646,1.627600681,-9.435256316,-1.686764924,1.356646272,-5.439278009,3.172231033,-1.844895546,1.920404205,-5.439278009,2.495759583,-1.562705347,3.152831018,-0.510227237,-9.63432565,2.08538686,1.833376627,-4.581577192,-8.535789252,-1.02727977,3.857529455,-4.027319538,-8.535789252,-0.317106676,0.949910826,-9.64865167,-1.775192783,-3.936363811,1.185807521,-8.535789252,2.872740038,-4.7200377,2.358004592,-6.329790133,-4.336278449,-1.708415489,0.172191265,-9.627075583,0.812940991,-0.672193223,3.15795926,-4.123791013,3.528940519,-0.019420246,0.672854226,-5.226790573,-9.455116716,0.524601122,-0.63845432,-9.609519413,-3.23327889,-0.401124006,3.661916959,-2.924319978,7.122208903,-2.51403858,-1.129979402,-9.504954467,1.804875113,-7.432789692,1.0569621,-2.747327515,-2.342766766,-1.160582115,0.447765204,-7.432789692,-2.665704907,2.394818456,-1.968313343,-9.605125783,-2.31061836,-0.449791163,4.787877146,-3.768704466,-5.039363371,2.320318843,0.355154812,-3.936363811,3.572934806,-1.099954134,0.725662125,-3.123491086,1.98161529,-0.186241849,0.716190121,-2.375578073,2.238513757,0.131560326,-0.957779991,-9.593830327,-0.683600383,-3.546302406,0.003045426,-9.545959605,-1.357694629,-5.684576752,1.592387677,-9.505697888,-3.351206312,-2.62641175,-0.391566668,-9.545299802,0.003045426,-2.789764483,-1.239767206,-9.460252501,-0.042207633,-2.443302846,0.663061629,-9.462471656,-1.099954134,-1.357694629,3.494506273,-1.730364692,3.225129272,-0.272278585,3.734111657,-9.647011956,4.573287329,0.331134854,2.50041022,-1.99418858,2.625398296,-0.281143745,1.973013691,-8.535789252,-3.936363811,-2.13027933,7.352855389,-9.493406931,11.17615127,-2.31061836,3.885000036,-2.924319978,4.541413677,3.267747064,0.929271212,-3.23327889,0.667965461,0.870014131,3.324081867,-3.23327889,6.265840046,1.384978629,9.246612192,-7.432789692,12.73095488,-0.541328396,2.684393811,-3.768704466,5.673971057,-4.581577192,2.899464654,-9.602721799,-1.429225413,-1.160582115,0.643293773,-9.721414316,1.927076299,3.984900775,-0.89118902,-9.643376929,-9.536476064,-5.226790573,2.002918045,-4.454205872,6.834183636,0.325072782,2.677484152,-2.248206753,4.012670611,1.985898717,3.30738984,-1.272578513,6.231039471,2.785886417,1.833376627,-9.684717944,5.300235516,-2.705992932,2.121147736,-4.454205872,7.069448345,0.325072782,6.144400552,-5.439278009,6.353435479,-0.034575523,3.327767548,-9.66992993,4.890392931,-0.777926778,1.966531841,-4.027319538,-2.020491526,-2.217895513,-1.686764924,-9.433005,-3.020791453,-0.153088733,-0.865313784,-6.329790133,-3.123491086,-1.798089466,-0.839852568,-6.329790133,-3.123491086,-1.798089466,-0.144907265,-6.329790133,-2.705992932,-1.798089466,1.206884545,-9.579479381,2.524986647,-3.546302406,-0.281143745,-9.509263543,4.680660979,-1.775192783,-2.020491526,-9.70969034,1.826298964,-4.226490645,1.203391037,-9.700740699,6.28862468,-0.777926778,-2.342766766,-0.430145333,0.566897086,-9.497413071,5.34593676,0.633316988,-2.443302846,-9.679061532,-8.535789252,-3.936363811,-5.439278009,-4.7200377,-1.644327956,-1.447622057,-4.871704026,-2.62641175,-0.89118902,0.839537019,-3.546302406,1.087345687,-1.145207193,1.124527098,-8.535789252,2.65797595,0.613173782,-1.070484922,-5.439278009,-1.289241409,-0.169578953,7.277986401,-3.23327889,10.14640553,0.916757711,7.348595096,-3.23327889,10.10740614,0.916757711,1.581394252,-5.974703586,2.197851355,0.27572644,3.734824442,-3.850327075,3.879153273,1.816812843,-5.226790573,-1.099954134,-6.329790133,-4.454205872
F2_HFDt8,0.641848269,-7.659224239,-3.342937915,-2.150500353,0.58016795,-9.459957979,-9.362459896,-0.378933225,2.489859587,-5.113468366,-2.555421621,-1.67494302,-0.258526215,-9.519743956,-2.765357228,1.297329275,-5.413136454,-0.63984375,-0.535005443,1.337593132,-6.624124969,1.942485361,-1.162812449,2.921758346,-0.874574104,-3.718233939,0.432129802,1.762224133,-3.718233939,-5.788432479,-0.535005443,3.964650831,-4.753333209,-5.255798163,-0.038881614,1.097127253,-4.147838952,-1.472146154,-3.665830928,1.63166944,-3.223407531,3.122102461,-3.148725341,1.762224133,-7.659224239,-6.290897433,-1.67494302,0.057779524,-7.053729982,1.03209524,0.311495291,2.635297415,-2.328724755,1.406406216,-1.162812449,-0.322996626,-4.983531442,-8.694323509,-0.425241822,0.103860763,-5.113468366,-3.718233939,-0.279708593,3.358223532,-4.378037184,6.059211971,-4.297296841,-0.547714734,-6.290897433,1.758142128,-5.413136454,0.50325432,-3.887471357,-2.266922864,0.040663777,0.789661066,-6.290897433,-3.185599623,2.97818666,-1.078526801,-7.659224239,0.325785664,-1.608561755,4.11759875,-0.535005443,-3.518827159,3.527877559,1.726470448,-2.656703314,4.229488927,1.415003434,1.914526343,-1.472146154,2.854638158,1.688412721,1.69411247,-1.134185389,3.012107208,2.101147795,-0.378933225,-4.011987831,1.53835359,-2.71004229,0.618650403,-6.624124969,0.624483741,-2.24687783,2.216757902,-7.053729982,0.68159711,-2.437775569,-0.248046646,-8.694323509,1.733412964,-0.667245117,0.023349582,-7.053729982,1.495111985,-2.0252374,1.207492042,-6.290897433,1.399492627,-0.084975785,3.824247474,-1.09685013,4.118720924,0.571144764,3.420378535,-3.302022134,3.485201974,2.563156705,3.326148194,-0.695158688,0.428814967,1.616765797,2.870248049,-2.944772644,-1.758703249,-0.579969391,7.44834629,-7.053729982,10.67738588,-1.744412876,3.98717699,-2.630731658,5.353787744,3.664706347,1.205520646,-4.378037184,1.348388354,0.865868038,3.98717699,-3.615204636,6.876747283,2.258269488,8.526820639,-4.463393706,11.68710561,1.238685502,2.886976637,-3.428294436,6.23285637,0.095587431,2.939159005,-5.589025699,-1.262404852,-1.44862862,1.924310703,-4.553926429,1.522483806,2.062756668,1.08006041,-6.290897433,-3.566238525,-0.695158688,2.638323419,-2.913332902,7.997477045,1.589558581,2.84348159,-2.793802519,4.776118478,3.062439276,3.309366306,-1.730257958,6.747698765,3.810866576,1.569595997,-4.078369096,4.843206163,-0.759939897,2.767819433,-2.913332902,8.122992262,1.589558581,6.189620394,-4.650303906,6.913361543,0.818057183,3.622301179,-6.290897433,4.808802897,1.209460839,2.057190756,-5.413136454,-0.322996626,-1.134185389,-0.503697534,-5.113468366,-6.018630712,2.018782203,0.555983897,-2.765357228,-2.460574983,-0.322996626,0.636082499,-2.765357228,-2.460574983,-0.322996626,1.077913274,-2.765357228,-2.287240627,-0.317516501,1.447228784,-6.018630712,2.600825525,-1.634761244,0.49692663,-5.113468366,5.784618709,-0.361931152,-1.472146154,-8.694323509,3.165734037,-1.425475713,1.440502049,-3.665830928,6.72049475,-0.075642426,-0.973071286,1.929178948,1.229007357,-3.718233939,6.230335402,1.136895993,-2.605203983,-8.694323509,-9.329299599,-2.349907133,-6.018630712,-4.553926429,-1.634761244,-0.522403406,-5.589025699,-3.077600823,-1.02486836,1.282414469,0.049246172,0.850934588,0.812934253,1.86715456,-1.414032495,3.826636534,0.60691492,0.023349582,-4.753333209,-1.67494302,0.609857448,5.308084527,-4.378037184,5.185040828,0.909792751,5.469161266,-4.378037184,5.160675168,0.909792751,1.415003434,-4.297296841,2.206701752,-0.738032425,3.832422673,-4.297296841,4.381375141,1.016504751,-4.463393706,-0.479115373,-3.148725341,-2.913332902
